country,year,status,life_expectancy,adult_mortality,infant_deaths,alcohol,percentage_expenditure,hepatitis_b,measles,bmi,under-five_deaths,polio,total_expenditure,diphtheria,hiv/aids,gdp,population,thinness__1-19_years,thinness_5-9_years,income_composition_of_resources,schooling,Predicted_Life_Expectancy,Error
Syrian Arab Republic,2006.0,Developing,73.7,123.0,8.0,0.97,122.6523334,83.0,517.0,48.5,10.0,83.0,3.78,8.0,0.1,1762.24617,18914977.0,6.4,6.3,0.636,11.4,72.84777,0.8522293090820341
Croatia,2006.0,Developed,75.9,113.0,0.0,11.83,1555.651986,92.0,1.0,58.1,0.0,96.0,6.95,96.0,0.1,11363.41845,444.0,1.8,1.8,0.783,13.9,75.561966,0.3380340576171932
Montenegro,2007.0,Developing,74.2,125.0,0.0,4.98,678.5188944,9.0,0.0,57.2,0.0,92.0,6.74,92.0,0.1,5957.145693,615875.0,2.1,2.2,0.762,13.6,75.2408,-1.0407989501953097
Bahrain,2014.0,Developing,76.8,7.0,0.0,1.57,367.2556742,98.0,46.0,62.9,0.0,98.0,4.98,98.0,0.1,24983.3792,1386542.0,6.1,6.0,0.82,14.5,76.1763,0.6236999511718722
Kenya,2000.0,Developing,51.9,428.0,77.0,1.51,0.681685555,92.0,21002.0,14.4,121.0,8.0,4.68,82.0,18.1,43.9797132,3145483.0,9.2,9.1,0.448,8.4,53.086006,-1.1860061645507827
Chad,2008.0,Developing,49.6,394.0,46.0,0.45,49.09198224,17.0,63.0,16.4,80.0,3.0,2.92,19.0,4.7,929.772391,11133861.0,9.8,9.7,0.338,6.0,51.201973,-1.6019729614257798
Solomon Islands,2005.0,Developing,67.4,24.0,0.0,0.9,25.31155956,83.0,0.0,42.1,0.0,9.0,7.83,89.0,0.1,88.874858,469885.0,1.3,1.3,0.465,8.3,65.37267,2.027326965332037
Peru,2008.0,Developing,73.9,138.0,11.0,4.85,58.4989742,93.0,1.0,5.8,14.0,93.0,4.73,93.0,0.3,428.87811,2864198.0,1.2,1.2,0.7,13.2,73.96098,-0.060983276367181816
Bosnia And Herzegovina,2014.0,Developing,77.2,89.0,0.0,4.03,732.8662491,89.0,3000.0,55.3,0.0,86.0,9.57,86.0,0.1,5193.94932,35662.0,2.4,2.4,0.742,14.2,76.31285,0.8871490478515653
Swaziland,2011.0,Developing,55.0,438.0,2.0,5.2,735.7090978,91.0,0.0,3.2,3.0,85.0,8.61,91.0,15.7,3934.27325,1225258.0,5.1,5.2,0.526,11.2,56.682552,-1.6825523376464844
Cameroon,2000.0,Developing,51.4,394.0,62.0,3.91,4.720593531,92.0,14629.0,2.9,100.0,57.0,4.48,62.0,7.7,68.414399,15274234.0,7.7,7.8,0.433,6.9,51.50239,-0.1023918151855483
Côte D'Ivoire,2015.0,Developing,53.3,397.0,57.0,3.755,0.0,83.0,65.0,28.0,79.0,81.0,5.755,83.0,1.9,1766.947595,1386542.0,5.5,5.5,0.677,12.3,51.20077,2.099228668212888
Guinea,2011.0,Developing,58.1,29.0,28.0,0.22,42.2547904,63.0,11.0,21.2,43.0,63.0,4.73,63.0,2.0,459.2912,113517.0,8.0,8.0,0.385,8.4,55.286255,2.8137451171875014
Maldives,2006.0,Developing,75.0,88.0,0.0,1.62,659.8499118,98.0,47.0,18.7,0.0,98.0,7.37,98.0,0.1,4428.522898,333.0,14.3,14.5,0.622,12.0,73.998184,1.0018157958984375
Uzbekistan,2013.0,Developing,69.1,185.0,17.0,0.01,19.1624696,99.0,0.0,43.0,19.0,99.0,6.32,99.0,0.1,197.551233,32432.0,3.0,3.1,0.681,12.0,69.6655,-0.5654968261718807
Haiti,2009.0,Developing,62.5,251.0,16.0,5.85,41.30079452,92.0,0.0,43.0,21.0,65.0,6.68,65.0,2.0,668.297646,985287.0,4.1,4.1,0.466,8.5,61.62121,0.8787918090820312
Madagascar,2000.0,Developing,57.9,283.0,44.0,1.16,35.66125056,92.0,35256.0,13.9,68.0,58.0,5.8,57.0,0.6,245.939659,1576686.0,8.7,8.6,0.0,8.0,57.460953,0.4390472412109361
Germany,2004.0,Developed,79.1,86.0,3.0,11.83,5842.374765,88.0,121.0,57.1,3.0,96.0,1.37,96.0,0.1,34165.9343,8251626.0,1.1,1.1,0.877,16.4,79.30861,-0.20860900878906818
Dominican Republic,2000.0,Developing,72.0,176.0,7.0,6.58,44.79247812,68.0,253.0,43.1,9.0,71.0,5.9,78.0,2.5,282.4242,8562622.0,3.8,3.7,0.651,12.2,70.697685,1.3023147583007812
Norway,2001.0,Developed,78.8,82.0,0.0,5.49,6356.827282,92.0,4.0,54.0,0.0,91.0,8.65,91.0,0.1,38549.58934,4513751.0,0.8,0.7,0.917,17.5,78.539085,0.2609146118164034
Netherlands,2004.0,Developed,79.2,77.0,1.0,9.56,5170.130703,92.0,11.0,55.0,1.0,98.0,8.52,98.0,0.1,39954.64222,16281779.0,1.0,1.0,0.885,16.5,81.334366,-2.1343658447265597
New Zealand,2011.0,Developed,86.0,72.0,0.0,9.47,8342.405764,95.0,597.0,65.3,0.0,95.0,11.24,95.0,0.1,38426.5581,1386542.0,0.3,0.3,0.901,19.7,83.80628,2.1937179565429688
Nicaragua,2009.0,Developing,73.2,163.0,3.0,3.36,292.753101,98.0,0.0,49.4,3.0,99.0,6.82,98.0,0.2,1464.497754,5666581.0,1.9,1.8,0.613,11.3,72.23258,0.9674179077148466
Micronesia (Federated States Of),2001.0,Developing,67.2,183.0,0.0,2.82,0.0,81.0,0.0,62.0,0.0,79.0,8.58,75.0,0.1,1766.947595,1386542.0,0.3,0.2,0.604,10.1,67.89628,-0.6962783813476534
Belize,2015.0,Developing,71.0,175.0,0.0,3.755,0.0,94.0,0.0,5.9,0.0,94.0,5.755,94.0,0.2,4849.997495,359288.0,3.5,3.4,0.706,12.8,71.45258,-0.45258331298828125
Dominican Republic,2004.0,Developing,69.3,214.0,7.0,5.16,182.6162515,82.0,0.0,47.2,8.0,66.0,4.28,79.0,2.1,2421.9662,912998.0,3.6,3.5,0.666,12.5,67.12244,2.177563476562497
Sierra Leone,2015.0,Developing,51.0,413.0,22.0,3.755,0.0,86.0,607.0,24.4,30.0,86.0,5.755,86.0,0.5,587.538233,723725.0,7.4,7.3,0.431,9.5,56.28677,-5.286769866943359
Bhutan,2007.0,Developing,66.5,238.0,1.0,0.16,283.806236,95.0,11.0,18.0,1.0,93.0,5.88,95.0,0.3,1741.142552,686958.0,17.3,18.1,0.0,10.1,66.36862,0.131378173828125
Norway,2013.0,Developed,81.5,62.0,0.0,6.21,234.782883,92.0,8.0,6.3,0.0,94.0,9.39,94.0,0.1,1291.435,579623.0,0.8,0.7,0.942,17.5,81.893,-0.39299774169921875
Nicaragua,2014.0,Developing,74.5,148.0,2.0,3.55,473.1238124,98.0,0.0,53.2,3.0,99.0,9.4,98.0,0.1,1975.46477,613997.0,1.8,1.7,0.636,11.6,74.55893,-0.058929443359375
Philippines,2005.0,Developing,67.0,223.0,65.0,4.22,105.7306982,49.0,118.0,2.1,84.0,9.0,3.91,89.0,0.1,1194.697155,86274237.0,1.0,9.7,0.642,11.6,67.04707,-0.0470733642578125
Georgia,2007.0,Developing,74.4,12.0,1.0,8.65,106.164686,94.0,44.0,49.9,1.0,88.0,8.17,98.0,0.1,2492.12878,482.0,2.7,2.9,0.722,12.5,73.6923,0.7077011108398494
Bosnia And Herzegovina,2004.0,Developing,75.5,99.0,0.0,4.25,3.479918859,36.0,28.0,49.9,0.0,87.0,9.4,84.0,0.1,265.642661,3781287.0,3.0,3.0,0.0,12.3,73.35765,2.1423492431640625
Honduras,2004.0,Developing,72.2,165.0,5.0,3.02,188.2499208,93.0,0.0,42.0,7.0,94.0,7.89,94.0,1.2,1217.657961,724153.0,2.6,2.5,0.571,10.4,72.24696,-0.04696350097655966
Luxembourg,2003.0,Developed,78.6,92.0,0.0,12.61,10111.38928,95.0,1.0,55.8,0.0,99.0,7.67,98.0,0.1,65445.8853,45163.0,1.0,0.9,0.865,13.6,77.94932,0.6506820678710881
Mozambique,2001.0,Developing,49.5,48.0,90.0,2.09,37.82511936,25.0,7085.0,16.9,132.0,72.0,5.64,73.0,13.4,256.4414872,18588758.0,4.1,4.0,0.298,5.8,49.26854,0.2314605712890625
Uganda,2014.0,Developing,61.5,38.0,68.0,0.01,14.16770158,78.0,314.0,18.1,97.0,82.0,7.22,78.0,3.2,719.172669,38833338.0,5.7,5.6,0.483,10.0,61.3407,0.1593017578125
Tonga,2000.0,Developing,71.6,158.0,0.0,1.24,40.49128897,93.0,0.0,65.5,0.0,91.0,4.75,91.0,0.1,263.27236,9882.0,0.1,0.1,0.676,13.7,72.636185,-1.0361846923828182
Turkmenistan,2004.0,Developing,63.5,238.0,6.0,2.86,186.1013972,96.0,1.0,4.0,8.0,98.0,4.3,97.0,0.1,1453.917166,473398.0,3.4,3.4,0.0,10.3,62.271008,1.2289924621582031
Jordan,2007.0,Developing,73.0,12.0,4.0,0.6,373.2628643,98.0,41.0,59.3,4.0,98.0,8.35,98.0,0.1,2762.86354,6193191.0,3.8,3.8,0.736,13.6,73.53563,-0.5356292724609375
Togo,2000.0,Developing,54.6,339.0,14.0,1.1,2.02964427,92.0,3578.0,16.6,22.0,63.0,4.35,64.0,5.1,26.3932935,497367.0,9.4,9.3,0.425,9.3,54.647427,-0.047426605224607954
Togo,2012.0,Developing,58.9,294.0,14.0,0.01,41.60027954,84.0,238.0,22.6,21.0,84.0,5.11,84.0,1.7,563.6894247,6859482.0,7.0,6.8,0.464,12.0,60.992916,-2.092916107177736
United Arab Emirates,2004.0,Developing,75.1,95.0,1.0,1.77,2972.448675,92.0,22.0,57.0,1.0,94.0,2.46,94.0,0.1,36161.1761,1386542.0,5.2,4.9,0.813,12.4,75.34101,-0.24101104736328693
Australia,2003.0,Developed,83.0,71.0,1.0,9.97,3829.550928,95.0,91.0,6.3,1.0,92.0,8.32,93.0,0.1,23465.38559,198954.0,0.7,0.7,0.905,20.6,83.83715,-0.8371505737304688
Uruguay,2012.0,Developing,76.5,118.0,0.0,5.77,339.7190493,95.0,0.0,62.3,0.0,95.0,8.74,95.0,0.1,1592.6819,3396777.0,1.5,1.5,0.784,15.5,77.04138,-0.5413818359375
Central African Republic,2006.0,Developing,46.3,56.0,17.0,1.54,46.90117916,92.0,3.0,18.6,26.0,47.0,3.99,51.0,10.0,347.673678,421758.0,9.6,9.6,0.323,6.0,47.432068,-1.1320678710937528
Italy,2002.0,Developed,80.0,72.0,2.0,9.25,2883.334911,95.0,9385.0,56.4,3.0,96.0,8.23,93.0,0.1,22196.5736,57597.0,0.5,0.5,0.836,15.2,81.34782,-1.3478164672851562
Maldives,2007.0,Developing,75.4,82.0,0.0,1.78,6.491488598,98.0,20.0,19.5,0.0,98.0,6.64,98.0,0.1,52.862285,349.0,14.3,14.4,0.632,11.9,74.42078,0.9792236328125057
Burkina Faso,2013.0,Developing,59.0,27.0,40.0,4.64,88.97040214,88.0,375.0,18.2,66.0,89.0,5.91,88.0,0.7,699.452847,1772723.0,8.4,7.9,0.392,7.5,58.90338,0.09661865234375
Bangladesh,2013.0,Developing,71.0,135.0,104.0,0.01,52.82986467,96.0,237.0,17.0,130.0,96.0,2.88,96.0,0.1,951.8894535,157571292.0,18.3,18.8,0.565,10.0,72.06608,-1.0660781860351562
Somalia,2002.0,Developing,58.0,348.0,47.0,0.01,0.0,92.0,9559.0,18.6,77.0,4.0,5.755,4.0,0.9,1766.947595,1386542.0,7.8,7.6,0.677,12.3,53.26194,4.738059997558594
Saint Lucia,2000.0,Developing,71.6,183.0,0.0,11.69,0.0,92.0,0.0,36.8,0.0,7.0,5.53,7.0,0.4,1766.947595,1386542.0,4.5,4.5,0.0,12.8,70.882286,0.7177139282226506
Greece,2009.0,Developing,80.0,78.0,0.0,9.08,372.6854142,95.0,2.0,63.1,0.0,99.0,9.76,99.0,0.1,2971.973,111717.0,0.8,0.7,0.857,16.2,81.93966,-1.9396591186523438
Republic Of Korea,2007.0,Developing,79.8,77.0,2.0,9.05,0.0,91.0,194.0,28.2,2.0,91.0,5.99,91.0,0.1,1766.947595,1386542.0,1.5,1.0,0.677,12.3,81.93658,-2.1365768432617216
Lebanon,2008.0,Developing,74.5,98.0,1.0,1.67,69.13924862,81.0,24.0,62.5,1.0,75.0,8.7,81.0,0.1,712.775759,411147.0,4.7,4.7,0.74,13.1,73.903625,0.59637451171875
Uganda,2011.0,Developing,59.3,347.0,76.0,10.22,94.49686776,82.0,3312.0,16.7,114.0,82.0,9.9,82.0,6.8,584.3962137,3593648.0,5.9,5.9,0.477,10.7,61.54026,-2.240260314941409
Lithuania,2012.0,Developed,73.0,176.0,0.0,15.14,1807.071336,93.0,0.0,6.9,0.0,93.0,6.67,93.0,0.1,14341.836,2987773.0,2.7,2.7,0.83,16.5,74.20434,-1.2043380737304688
Maldives,2008.0,Developing,75.9,81.0,0.0,1.76,1077.712092,98.0,0.0,2.3,0.0,98.0,9.3,98.0,0.1,5828.621374,362.0,14.2,14.3,0.641,11.8,74.374176,1.5258239746093807
Timor-Leste,2005.0,Developing,63.7,26.0,3.0,0.36,7.127144699,92.0,203.0,13.5,3.0,55.0,1.5,55.0,0.1,478.331859,126484.0,12.0,11.9,0.492,10.6,63.30176,0.3982383728027372
Bangladesh,2011.0,Developing,73.0,14.0,118.0,0.01,62.34988484,96.0,5625.0,15.8,150.0,96.0,3.16,96.0,0.1,835.789341,153911916.0,18.7,19.2,0.545,9.4,70.30239,2.6976089477539062
United States Of America,2007.0,Developed,78.1,11.0,27.0,8.74,0.0,93.0,43.0,65.1,32.0,93.0,15.57,96.0,0.1,1766.947595,1386542.0,0.7,0.6,0.677,12.3,78.49875,-0.3987487792968807
Togo,2001.0,Developing,54.6,345.0,14.0,0.95,2.048574874,92.0,1833.0,17.1,22.0,51.0,4.29,5.0,5.3,26.6394652,511177.0,9.2,9.1,0.426,9.4,54.408817,0.1911827087402358
Iran (Islamic Republic Of),2011.0,Developing,74.7,93.0,22.0,0.03,0.0,99.0,73.0,54.8,25.0,99.0,7.12,99.0,0.1,1766.947595,1386542.0,7.9,8.1,0.745,13.1,74.53778,0.16221923828125284
Cabo Verde,2006.0,Developing,72.1,129.0,0.0,4.25,26.45133197,95.0,0.0,24.9,0.0,97.0,5.11,96.0,0.6,234.28992,48795.0,8.3,8.3,0.596,11.9,73.27397,-1.1739715576171932
Guinea,2001.0,Developing,52.5,336.0,36.0,0.17,19.89790929,92.0,7408.0,16.9,58.0,52.0,3.65,5.0,3.0,315.83983,8971139.0,1.1,1.1,0.322,5.1,52.088993,0.4110069274902344
South Africa,2008.0,Developing,55.3,473.0,50.0,8.19,780.0336423,76.0,39.0,45.7,75.0,77.0,7.75,79.0,23.5,5786.59972,49557573.3,8.9,1.7,0.616,12.9,54.114803,1.1851966857910128
Burundi,2001.0,Developing,51.3,385.0,25.0,6.09,10.61917585,92.0,0.0,13.0,40.0,72.0,4.96,81.0,5.3,133.7427689,6555829.0,8.8,8.8,0.268,4.5,55.242928,-3.942927551269534
Croatia,2012.0,Developed,77.1,14.0,0.0,11.49,1851.713262,98.0,2.0,61.9,0.0,96.0,7.8,96.0,0.1,13235.97757,4267558.0,1.5,1.5,0.815,14.6,76.16874,0.9312606811523381
Eritrea,2007.0,Developing,62.0,329.0,6.0,1.23,11.42385961,91.0,55.0,14.7,9.0,91.0,3.29,91.0,1.3,317.3294336,4153332.0,9.2,9.2,0.405,5.3,63.081573,-1.081573486328125
Lithuania,2004.0,Developed,71.6,24.0,0.0,12.1,76.36187737,94.0,1.0,58.1,0.0,9.0,5.67,94.0,0.1,676.966998,337775.0,3.1,3.1,0.792,16.3,70.74567,0.8543334960937443
France,2008.0,Developing,89.0,88.0,3.0,11.9,7002.785925,47.0,604.0,59.1,3.0,98.0,1.57,98.0,0.1,45413.6571,6437499.0,0.6,0.6,0.877,16.1,84.03688,4.9631195068359375
Chile,2004.0,Developing,78.0,97.0,2.0,6.32,78.78564878,92.0,0.0,56.8,2.0,94.0,6.93,93.0,0.1,621.828325,15973778.0,0.9,1.0,0.781,14.3,78.37173,-0.37172698974609375
Jordan,2011.0,Developing,73.6,116.0,4.0,0.43,68.86623298,98.0,0.0,62.4,4.0,98.0,8.39,98.0,0.1,387.324145,7574943.0,3.8,3.9,0.737,13.1,73.17422,0.42578277587890057
Angola,2012.0,Developing,56.0,358.0,72.0,8.24,256.1225243,75.0,4458.0,21.5,110.0,75.0,3.3,75.0,2.6,4598.249988,259615.0,8.8,8.6,0.508,10.3,53.13267,2.867328643798828
Mozambique,2015.0,Developing,57.6,355.0,60.0,3.755,0.0,8.0,79.0,22.6,81.0,8.0,5.755,8.0,3.9,528.3125597,281691.0,3.6,3.5,0.414,9.1,52.9507,4.649301147460939
Republic Of Moldova,2003.0,Developing,67.6,226.0,1.0,8.15,0.0,99.0,87.0,47.6,1.0,98.0,8.24,98.0,0.1,1766.947595,1386542.0,3.3,3.5,0.677,12.3,69.33002,-1.7300170898437557
Yemen,2010.0,Developing,64.4,233.0,35.0,0.06,0.0,76.0,510.0,37.2,45.0,77.0,5.17,76.0,0.1,1766.947595,1386542.0,13.7,13.7,0.488,8.5,64.251175,0.14882507324219318
Bahrain,2013.0,Developing,76.7,7.0,0.0,1.65,3.968695982,99.0,0.0,62.2,0.0,99.0,4.69,99.0,0.1,251.18329,1386542.0,6.1,6.0,0.815,14.5,74.624275,2.0757247924804716
Cambodia,2001.0,Developing,58.5,273.0,25.0,1.71,27.68971051,92.0,3761.0,12.4,33.0,59.0,5.7,6.0,2.2,321.22634,1242473.0,11.6,11.8,0.412,7.6,56.931324,1.5686759948730469
Suriname,2004.0,Developing,68.3,214.0,0.0,4.55,4.23257668,92.0,0.0,5.4,0.0,84.0,6.88,85.0,0.9,36.48773,49363.0,3.5,3.5,0.0,11.1,65.35626,2.943737792968747
Madagascar,2011.0,Developing,63.8,241.0,31.0,0.97,78.79967196,73.0,0.0,18.5,43.0,73.0,4.24,73.0,0.4,454.963464,21743949.0,7.5,7.4,0.504,10.2,64.57447,-0.7744705200195341
Senegal,2006.0,Developing,61.3,236.0,23.0,0.34,10.43022617,89.0,3.0,19.9,38.0,89.0,5.44,89.0,0.7,89.838296,11556763.0,11.2,11.1,0.422,6.6,63.060528,-1.7605278015136747
Mongolia,2002.0,Developing,63.8,263.0,2.0,2.43,55.60878216,98.0,1205.0,39.8,2.0,98.0,5.81,98.0,0.1,571.51883,2443659.0,2.4,2.5,0.599,10.1,63.268368,0.5316322326660128
Nepal,2003.0,Developing,64.3,22.0,38.0,0.2,2.79096532,2.0,13344.0,12.9,50.0,76.0,5.48,78.0,0.1,253.72412,2495623.0,18.0,18.6,0.457,9.2,64.89081,-0.5908081054687528
Cabo Verde,2000.0,Developing,69.9,155.0,0.0,3.49,122.5744699,92.0,2.0,21.5,0.0,9.0,4.81,9.0,0.8,1239.377855,43579.0,9.6,9.5,0.0,11.3,69.74102,0.15897979736328693
Ireland,2005.0,Developed,78.7,78.0,0.0,13.31,973.681333,92.0,95.0,55.1,0.0,9.0,7.27,9.0,0.1,5886.82789,4159914.0,0.3,0.2,0.889,17.5,81.30628,-2.6062820434570284
Saudi Arabia,2004.0,Developing,73.1,12.0,9.0,0.06,816.4795082,96.0,1880.0,59.4,11.0,96.0,3.58,96.0,0.1,11138.8746,1386542.0,7.2,7.3,0.754,12.3,72.60186,0.49813995361327557
Philippines,2003.0,Developing,67.2,217.0,67.0,4.44,0.901149288,52.0,10511.0,19.2,87.0,85.0,3.25,84.0,0.1,11.553196,8331954.0,1.0,9.7,0.631,11.6,67.56032,-0.36031799316405966
Latvia,2006.0,Developed,75.0,229.0,0.0,10.4,1099.248837,94.0,7.0,57.4,0.0,96.0,6.8,96.0,0.1,9667.9757,2218357.0,2.4,2.5,0.807,16.2,75.19313,-0.1931304931640625
Greece,2005.0,Developing,79.3,81.0,0.0,9.95,2785.139364,93.0,122.0,6.5,1.0,96.0,9.36,96.0,0.1,22551.73574,1987314.0,0.8,0.7,0.839,15.6,80.19741,-0.8974105834960966
Serbia,2001.0,Developing,73.1,135.0,1.0,7.53,222.5065705,92.0,35.0,51.7,1.0,93.0,6.89,93.0,0.1,1634.87561,753433.0,2.8,2.8,0.709,13.1,73.68238,-0.5823806762695369
Uganda,2006.0,Developing,54.9,41.0,93.0,9.81,50.83901418,64.0,5736.0,14.8,145.0,62.0,9.86,64.0,8.6,336.4593923,2955662.0,6.4,6.4,0.434,10.6,54.94018,-0.040181732177735796
Peru,2006.0,Developing,74.2,134.0,12.0,4.22,448.7670462,94.0,0.0,49.5,15.0,94.0,4.47,94.0,0.4,3171.49856,27949944.0,1.2,1.2,0.693,13.0,74.05567,0.1443283081054716
Montenegro,2015.0,Developing,76.1,16.0,0.0,3.755,0.0,82.0,0.0,61.8,0.0,89.0,5.755,89.0,0.1,6461.192554,622159.0,1.8,1.8,0.804,15.1,77.195984,-1.0959838867187557
Antigua And Barbuda,2012.0,Developing,75.9,134.0,0.0,8.18,2156.229842,98.0,0.0,45.7,0.0,97.0,5.39,98.0,0.2,12565.44197,1386542.0,3.3,3.3,0.778,13.8,75.5682,0.33180084228516193
Egypt,2000.0,Developing,68.8,171.0,65.0,0.14,0.0,98.0,2633.0,5.7,82.0,98.0,5.55,98.0,0.1,1766.947595,1386542.0,3.6,3.5,0.606,11.0,69.295166,-0.49516601562500284
Slovakia,2015.0,Developed,76.7,19.0,0.0,3.755,0.0,96.0,1.0,59.1,0.0,96.0,5.755,96.0,0.1,1766.947595,1386542.0,1.2,1.2,0.842,15.0,80.02699,-3.3269927978515597
Egypt,2008.0,Developing,69.8,172.0,54.0,0.24,0.0,97.0,668.0,55.5,65.0,97.0,4.82,97.0,0.1,1766.947595,1386542.0,3.1,3.0,0.651,11.9,70.80558,-1.005580139160159
Guyana,2008.0,Developing,66.3,218.0,1.0,7.32,493.3279293,93.0,0.0,4.9,1.0,93.0,7.46,93.0,0.8,2576.124957,746314.0,5.6,5.4,0.618,10.7,64.76359,1.536412048339841
Myanmar,2000.0,Developing,62.1,243.0,73.0,0.35,2.511437292,92.0,845.0,13.6,100.0,88.0,1.84,82.0,0.4,193.187484,4695462.0,13.3,13.7,0.417,7.5,61.617958,0.48204193115234517
Norway,2005.0,Developed,81.0,73.0,0.0,6.37,11792.53465,92.0,0.0,56.5,0.0,91.0,8.89,91.0,0.1,66775.3944,4623291.0,0.8,0.7,0.929,17.6,83.85905,-2.8590469360351562
Chad,2015.0,Developing,53.1,356.0,46.0,3.755,0.0,46.0,418.0,19.1,77.0,52.0,5.755,46.0,2.8,777.248751,149413.0,8.5,8.4,0.394,7.3,52.775986,0.3240142822265639
China,2008.0,Developing,74.5,97.0,266.0,4.27,39.22509728,95.0,131441.0,26.5,308.0,99.0,4.59,97.0,0.1,3471.247547,1324655.0,4.5,4.0,0.672,11.9,73.87784,0.622161865234375
Guinea,2000.0,Developing,52.5,328.0,37.0,0.17,2.215986136,92.0,11294.0,16.6,60.0,47.0,3.46,46.0,3.0,34.516918,888546.0,1.3,1.3,0.316,4.8,53.30162,-0.8016204833984375
Tunisia,2014.0,Developing,75.1,12.0,3.0,1.39,604.8701316,98.0,15.0,6.2,3.0,98.0,7.0,98.0,0.1,4271.68172,1114398.0,6.5,6.4,0.722,14.7,76.48003,-1.3800262451171932
Canada,2004.0,Developing,80.0,77.0,2.0,7.8,5513.329924,14.0,7.0,6.6,2.0,91.0,9.56,91.0,0.1,31979.87195,31995.0,0.5,0.4,0.881,15.8,83.41329,-3.4132919311523438
Micronesia (Federated States Of),2014.0,Developing,69.4,164.0,0.0,1.58,0.0,81.0,140.0,68.7,0.0,76.0,13.71,77.0,0.1,1766.947595,1386542.0,0.2,0.2,0.639,11.7,68.623795,0.7762054443359432
Bangladesh,2004.0,Developing,67.3,158.0,185.0,0.01,4.11469667,11.0,9743.0,12.0,247.0,88.0,2.62,99.0,0.1,46.7579167,14137489.0,2.1,2.7,0.491,8.1,67.16357,0.1364334106445284
Haiti,2003.0,Developing,59.7,3.0,18.0,6.64,44.25687135,92.0,0.0,36.5,25.0,56.0,5.32,53.0,4.6,329.782946,8976552.0,4.5,4.6,0.447,8.1,58.708836,0.9911643981933622
Kenya,2015.0,Developing,63.4,249.0,54.0,3.755,0.0,89.0,95.0,22.0,75.0,83.0,5.755,89.0,2.8,1349.97144,47236259.0,7.8,7.6,0.55,11.1,65.27179,-1.8717895507812514
Bolivia (Plurinational State Of),2001.0,Developing,63.3,238.0,14.0,2.2,0.0,77.0,0.0,43.3,19.0,71.0,6.31,71.0,0.1,1766.947595,1386542.0,1.5,1.4,0.607,13.7,63.228897,0.07110290527343466
Lao People'S Democratic Republic,2004.0,Developing,64.0,252.0,12.0,3.53,0.0,45.0,1491.0,14.4,16.0,46.0,4.54,45.0,0.2,1766.947595,1386542.0,1.1,1.2,0.485,8.6,60.430798,3.569202423095703
Namibia,2003.0,Developing,55.0,471.0,3.0,5.28,294.6571552,92.0,262.0,26.5,4.0,82.0,6.52,79.0,24.7,2482.36862,1986535.0,14.2,14.3,0.554,11.7,53.93976,1.06024169921875
India,2009.0,Developing,66.0,2.0,1300.0,2.5,0.844186331,37.0,56188.0,15.4,1700.0,73.0,4.38,74.0,0.2,19.317765,121427132.0,27.0,27.8,0.563,10.5,67.994606,-1.9946060180664062
India,2005.0,Developing,64.4,211.0,1500.0,1.27,3.5096369,8.0,36711.0,13.5,2000.0,65.0,4.28,65.0,0.3,77.819,1144118674.0,27.2,28.1,0.526,9.4,63.343918,1.0560821533203182
Chile,2002.0,Developing,77.8,11.0,2.0,6.06,675.7808443,92.0,0.0,55.4,3.0,97.0,6.48,97.0,0.1,4463.545867,15623635.0,1.0,1.0,0.768,13.9,77.55169,0.2483108520507784
Uganda,2008.0,Developing,56.3,41.0,84.0,9.79,72.85023656,71.0,1319.0,15.6,130.0,69.0,9.1,71.0,8.2,449.6928183,31663896.0,6.2,6.2,0.453,10.6,57.744637,-1.444636535644534
Liberia,2002.0,Developing,56.0,371.0,13.0,4.27,10.424369,92.0,131.0,2.7,19.0,51.0,5.43,39.0,3.1,177.285187,362863.0,8.8,8.9,0.376,10.4,51.07194,4.928058624267578
Democratic Republic Of The Congo,2009.0,Developing,56.7,292.0,238.0,2.13,0.0,72.0,57.0,18.6,323.0,78.0,5.61,72.0,1.7,1766.947595,1386542.0,1.6,1.4,0.677,12.3,58.664738,-1.9647377014160128
Yemen,2008.0,Developing,63.8,238.0,37.0,0.04,0.0,78.0,7.0,35.7,47.0,78.0,5.12,78.0,0.1,1766.947595,1386542.0,13.8,13.7,0.48,8.5,63.313507,0.48649291992187216
Pakistan,2007.0,Developing,64.4,178.0,367.0,0.03,3.912744517,75.0,2801.0,2.1,459.0,75.0,3.35,75.0,0.1,95.4327931,16332974.0,2.8,21.3,0.505,6.7,65.426636,-1.0266357421874943
Suriname,2014.0,Developing,71.4,178.0,0.0,6.32,1132.432517,85.0,0.0,57.7,0.0,85.0,5.69,85.0,0.4,9564.46383,547928.0,3.5,3.5,0.722,12.7,71.96066,-0.5606628417968693
Sweden,2013.0,Developed,81.9,57.0,0.0,7.3,1212.666327,67.0,51.0,58.5,0.0,98.0,11.97,98.0,0.1,6283.24522,96379.0,1.4,1.3,0.904,15.8,82.88298,-0.9829803466796818
Ghana,2002.0,Developing,57.6,31.0,42.0,1.6,3.336437969,8.0,12289.0,2.7,63.0,8.0,3.7,78.0,3.5,39.484473,19924522.0,8.8,8.8,0.484,7.6,56.39604,1.203958129882814
Sudan,2000.0,Developing,58.6,284.0,71.0,1.76,30.86000992,92.0,2875.0,43.5,109.0,62.0,3.23,62.0,0.1,361.35843,2725535.0,3.3,3.3,0.394,5.5,57.800022,0.7999778747558608
Cambodia,2008.0,Developing,65.6,199.0,16.0,2.24,53.10009046,91.0,4211.0,15.3,18.0,91.0,5.55,91.0,0.7,745.7877873,138859.0,11.2,11.4,0.511,10.5,64.08833,1.5116668701171818
Iran (Islamic Republic Of),2003.0,Developing,75.0,154.0,29.0,0.01,0.0,98.0,11644.0,46.9,35.0,99.0,5.42,99.0,0.1,1766.947595,1386542.0,7.5,7.7,0.679,11.8,73.33246,1.66754150390625
Namibia,2011.0,Developing,64.3,268.0,3.0,7.84,7.896234931,82.0,79.0,32.5,4.0,85.0,8.78,82.0,4.7,56.971392,2215621.0,9.9,9.9,0.612,11.5,62.875816,1.4241836547851534
Saint Vincent And The Grenadines,2014.0,Developing,73.1,157.0,0.0,7.01,0.0,98.0,0.0,53.1,0.0,97.0,8.63,98.0,0.1,1766.947595,1386542.0,3.5,3.4,0.72,13.3,73.29742,-0.19741668701172443
Mauritius,2007.0,Developing,72.9,161.0,0.0,3.24,582.5143743,97.0,13.0,29.1,0.0,96.0,4.24,97.0,0.1,6574.654338,123963.0,7.5,7.4,0.72,13.5,72.91015,-0.010148620605463066
Brazil,2013.0,Developing,74.7,146.0,46.0,7.24,916.270845,96.0,220.0,54.5,52.0,96.0,8.48,97.0,0.1,12216.9446,2248632.0,2.8,2.7,0.734,14.2,74.56918,0.13081665039062784
Canada,2013.0,Developing,81.8,67.0,2.0,8.2,9733.228019,55.0,83.0,65.8,2.0,91.0,1.67,91.0,0.1,52413.72116,35155451.0,0.5,0.5,0.909,15.9,83.85874,-2.058741760253909
Montenegro,2002.0,Developing,73.4,136.0,0.0,0.01,36.48024032,92.0,0.0,53.5,0.0,93.0,8.33,93.0,0.1,216.243274,69828.0,2.5,2.5,0.0,12.3,72.71199,0.6880096435546932
Kyrgyzstan,2000.0,Developing,66.6,225.0,4.0,2.13,0.0,44.0,16.0,35.6,5.0,99.0,4.68,99.0,0.1,1766.947595,1386542.0,3.6,3.6,0.586,11.4,66.48022,0.11978302001952557
Niger,2003.0,Developing,52.1,28.0,56.0,0.1,20.26876572,92.0,54190.0,14.6,121.0,44.0,6.23,41.0,1.6,215.8548,1265687.0,12.3,12.2,0.266,3.0,50.42257,1.6774307250976577
Turkmenistan,2015.0,Developing,66.3,215.0,6.0,3.755,0.0,99.0,0.0,48.6,7.0,99.0,5.755,99.0,0.1,6432.668768,5565284.0,3.3,3.3,0.688,10.8,66.589035,-0.28903503417969034
Bahrain,2007.0,Developing,75.6,77.0,0.0,2.0,278.3602806,97.0,7.0,57.6,0.0,97.0,3.8,97.0,0.1,2977.1153,1386542.0,6.1,5.9,0.813,14.4,75.48061,0.11938629150390057
Cyprus,2003.0,Developed,78.5,66.0,0.0,10.62,158.7087399,88.0,0.0,54.3,0.0,98.0,6.83,98.0,0.1,2293.4789,993563.0,0.9,1.0,0.815,13.0,78.03162,0.4683837890625
United Arab Emirates,2006.0,Developing,75.4,89.0,1.0,1.74,3749.941617,92.0,0.0,55.8,1.0,94.0,2.33,92.0,0.1,42372.22166,1386542.0,5.1,4.9,0.823,12.8,74.91668,0.48332061767578693
Algeria,2015.0,Developing,75.6,19.0,21.0,3.755,0.0,95.0,63.0,59.5,24.0,95.0,5.755,95.0,0.1,4132.76292,39871528.0,6.0,5.8,0.743,14.4,73.89552,1.7044769287109318
Iraq,2010.0,Developing,76.0,145.0,32.0,0.19,21.82252494,72.0,492.0,55.8,39.0,74.0,3.82,74.0,0.1,452.74948,376271.0,5.3,5.1,0.646,10.4,71.78369,4.21630859375
Lao People'S Democratic Republic,2014.0,Developing,65.3,199.0,8.0,0.01,0.0,88.0,339.0,2.9,11.0,88.0,1.87,88.0,0.2,1766.947595,1386542.0,8.9,9.0,0.573,10.6,66.56575,-1.2657501220703153
Mauritania,2010.0,Developing,62.0,214.0,8.0,0.01,8.353074798,64.0,1292.0,27.4,12.0,52.0,3.28,64.0,1.2,123.383675,369543.0,8.7,8.5,0.484,7.6,62.301865,-0.3018646240234375
Liberia,2014.0,Developing,58.1,329.0,8.0,0.01,54.37396957,5.0,34.0,26.7,11.0,49.0,1.4,5.0,0.9,458.4651734,439737.0,6.7,6.5,0.426,9.9,62.913082,-4.813082122802733
Côte D'Ivoire,2004.0,Developing,48.2,472.0,64.0,3.08,0.0,67.0,3466.0,21.5,91.0,76.0,5.24,67.0,6.5,1766.947595,1386542.0,7.3,7.3,0.677,12.3,48.79125,-0.5912483215332003
Turkmenistan,2008.0,Developing,64.5,235.0,6.0,2.4,34.23979419,96.0,0.0,42.7,8.0,96.0,1.93,96.0,0.1,394.467675,4935762.0,3.2,3.3,0.0,10.5,63.672817,0.8271827697753906
Montenegro,2000.0,Developing,73.0,144.0,0.0,0.01,274.5472605,92.0,0.0,51.9,0.0,93.0,7.32,93.0,0.1,1627.42893,6495.0,2.6,2.7,0.0,12.3,72.77817,0.221832275390625
Grenada,2013.0,Developing,73.3,144.0,0.0,8.25,780.4459281,97.0,0.0,46.5,0.0,98.0,6.15,97.0,0.1,7955.615985,1386542.0,3.8,3.8,0.746,15.8,73.24998,0.05002288818359091
Kenya,2011.0,Developing,61.2,278.0,60.0,1.8,109.7051836,96.0,2395.0,19.5,86.0,97.0,5.23,96.0,3.4,987.4453967,42486839.0,8.1,7.9,0.53,11.1,64.50725,-3.3072479248046847
Chile,2005.0,Developing,78.4,93.0,2.0,7.57,954.9644887,92.0,0.0,57.4,2.0,92.0,6.69,91.0,0.1,7615.3468,1614764.0,0.9,1.0,0.79,14.6,78.36964,0.030363464355474434
Poland,2008.0,Developed,75.5,14.0,2.0,11.4,15.71474837,98.0,0.0,57.2,3.0,96.0,6.88,99.0,0.1,141.44688,38125759.0,2.2,2.3,0.813,15.0,73.25866,2.2413406372070312
Canada,2005.0,Developing,81.0,76.0,2.0,8.0,6333.177967,14.0,6.0,61.3,2.0,93.0,9.57,93.0,0.1,36189.58838,32312.0,0.5,0.4,0.886,15.8,83.79038,-2.7903823852539062
Uzbekistan,2004.0,Developing,67.8,183.0,24.0,1.59,34.41887163,99.0,75.0,37.0,29.0,99.0,5.11,99.0,0.3,465.1198869,2586435.0,3.2,3.2,0.613,11.6,68.10599,-0.30598754882812784
United Republic Of Tanzania,2014.0,Developing,67.0,34.0,86.0,0.01,0.0,97.0,88.0,23.2,121.0,97.0,5.58,97.0,1.4,1766.947595,1386542.0,6.8,6.6,0.677,12.3,59.36575,7.634250640869141
Spain,2006.0,Developed,88.0,73.0,2.0,11.86,4460.390006,97.0,362.0,61.1,2.0,98.0,8.23,98.0,0.1,28482.6948,44397319.0,0.6,0.5,0.844,15.9,84.92838,3.0716171264648438
Czechia,2009.0,Developed,77.1,12.0,0.0,13.23,0.0,99.0,5.0,63.1,0.0,99.0,7.85,99.0,0.1,1766.947595,1386542.0,1.9,2.0,0.677,12.3,77.352554,-0.2525543212890682
France,2013.0,Developing,82.0,81.0,3.0,11.1,6646.953935,74.0,272.0,61.6,3.0,99.0,11.56,99.0,0.1,42554.1225,6599857.0,0.6,0.6,0.887,16.2,82.60583,-0.6058273315429688
Samoa,2005.0,Developing,71.6,16.0,0.0,3.63,287.4671305,41.0,0.0,69.7,0.0,55.0,4.47,49.0,0.1,2571.262348,179929.0,0.2,0.2,0.671,12.6,71.3495,0.2504974365234318
Austria,2002.0,Developed,78.7,9.0,0.0,12.5,3979.057728,81.0,0.0,51.2,0.0,82.0,1.27,83.0,0.1,26351.37568,881957.0,1.7,1.9,0.847,16.1,77.23005,1.4699508666992216
Malta,2012.0,Developed,81.0,58.0,0.0,7.67,343.123395,93.0,0.0,68.4,0.0,99.0,9.95,99.0,0.1,2193.8836,419455.0,0.8,0.7,0.821,14.1,81.262856,-0.26285552978515625
Samoa,2013.0,Developing,73.6,131.0,0.0,0.01,698.3522786,6.0,0.0,73.8,0.0,62.0,6.91,67.0,0.1,4219.65123,19757.0,0.2,0.1,0.7,12.9,74.083466,-0.4834655761718807
France,2005.0,Developing,81.0,93.0,3.0,12.2,5451.701225,35.0,36.0,57.5,4.0,98.0,1.6,98.0,0.1,34879.72633,63179356.0,0.6,0.6,0.86,15.5,84.34832,-3.3483200073242188
Guatemala,2002.0,Developing,69.3,21.0,16.0,2.41,25.25040918,92.0,0.0,41.7,20.0,82.0,6.71,82.0,0.3,171.771491,1228848.0,1.5,1.5,0.553,8.8,66.76448,2.5355194091796847
Japan,2003.0,Developed,81.9,7.0,3.0,7.83,578.7254273,92.0,8286.0,23.4,5.0,97.0,8.0,97.0,0.1,3488.3992,127718.0,1.7,1.4,0.863,14.8,81.00538,0.8946212768554744
Syrian Arab Republic,2007.0,Developing,73.8,121.0,8.0,0.83,17.98136184,83.0,403.0,49.4,9.0,83.0,3.72,8.0,0.1,258.3529,1963286.0,6.4,6.2,0.644,11.5,73.16579,0.6342132568359347
Senegal,2010.0,Developing,64.3,212.0,21.0,0.28,1.020071763,89.0,428.0,21.7,32.0,76.0,4.62,89.0,0.4,11.631377,12916229.0,1.4,1.3,0.449,7.7,64.67506,-0.3750564575195341
Haiti,2004.0,Developing,58.7,32.0,18.0,6.1,64.39853344,92.0,0.0,37.5,24.0,58.0,5.61,55.0,4.3,387.9429725,9119178.0,4.5,4.5,0.45,8.1,63.805466,-5.105465698242185
Norway,2009.0,Developed,89.0,67.0,0.0,6.68,142.3749426,92.0,2.0,58.5,0.0,94.0,9.49,94.0,0.1,817.77681,4828726.0,0.7,0.7,0.936,17.4,84.01845,4.9815521240234375
Estonia,2014.0,Developing,77.3,122.0,0.0,0.01,2700.07305,93.0,0.0,59.4,0.0,93.0,6.38,93.0,0.1,19941.45532,1314545.0,1.9,1.9,0.86,16.5,77.59359,-0.2935897827148466
Samoa,2000.0,Developing,72.0,18.0,0.0,3.0,21.2543002,89.0,0.0,65.6,0.0,94.0,5.31,95.0,0.1,154.68923,17461.0,0.2,0.2,0.64,12.1,73.372185,-1.3721847534179688
Norway,2012.0,Developed,81.3,61.0,0.0,6.21,2094.19096,92.0,4.0,59.8,0.0,95.0,9.16,95.0,0.1,11563.727,518573.0,0.7,0.7,0.941,17.6,82.635506,-1.335505676269534
Jordan,2008.0,Developing,73.1,119.0,4.0,0.61,535.2786404,97.0,2.0,6.1,4.0,98.0,8.78,97.0,0.1,3385.69665,6489822.0,3.8,3.8,0.739,13.6,73.565155,-0.4651550292968807
Bahamas,2000.0,Developing,72.6,192.0,0.0,12.15,0.0,92.0,0.0,54.4,0.0,91.0,5.21,99.0,0.1,1766.947595,1386542.0,2.7,2.6,0.0,12.0,71.216194,1.383805847167963
Zimbabwe,2015.0,Developing,67.0,336.0,22.0,3.755,0.0,87.0,0.0,31.8,32.0,88.0,5.755,87.0,6.2,118.69383,15777451.0,5.6,5.5,0.507,10.3,58.88225,8.117748260498047
Iran (Islamic Republic Of),2002.0,Developing,71.2,142.0,31.0,0.01,0.0,99.0,9554.0,46.2,37.0,99.0,5.39,99.0,0.1,1766.947595,1386542.0,7.6,7.7,0.674,11.9,72.625046,-1.4250457763671847
Solomon Islands,2001.0,Developing,66.2,227.0,0.0,0.7,325.1114746,83.0,0.0,38.7,0.0,88.0,6.44,84.0,0.1,944.81684,423853.0,1.4,1.4,0.442,6.6,67.38512,-1.1851165771484347
Algeria,2003.0,Developing,71.7,146.0,20.0,0.34,25.0185226,92.0,15374.0,47.0,23.0,87.0,3.6,87.0,0.1,294.33556,3243514.0,6.3,6.1,0.663,11.5,71.899635,-0.1996353149414034
Sao Tome And Principe,2000.0,Developing,62.6,224.0,0.0,5.07,0.0,92.0,0.0,2.7,0.0,87.0,8.86,82.0,1.5,1766.947595,13866.0,8.0,8.1,0.488,9.3,63.447186,-0.8471855163574205
Guinea-Bissau,2002.0,Developing,52.8,35.0,5.0,2.47,24.65761755,92.0,298.0,18.5,8.0,61.0,5.84,57.0,4.1,321.481324,1293523.0,9.8,9.7,0.0,7.1,54.153378,-1.3533775329589872
Democratic People'S Republic Of Korea,2015.0,Developing,76.0,139.0,6.0,3.755,0.0,96.0,0.0,32.9,7.0,99.0,5.755,96.0,0.1,1766.947595,1386542.0,4.9,4.9,0.677,12.3,72.21478,3.78521728515625
Germany,2008.0,Developed,79.9,8.0,2.0,11.36,8285.264655,87.0,917.0,59.0,3.0,95.0,1.39,96.0,0.1,45699.19832,821197.0,1.1,1.1,0.903,16.6,82.68839,-2.7883926391601506
Thailand,2001.0,Developing,71.2,194.0,17.0,5.92,176.0625201,95.0,7319.0,19.4,20.0,97.0,3.32,96.0,0.8,1893.145377,63543322.0,9.3,9.6,0.649,11.2,71.2488,-0.04880218505859091
Belgium,2004.0,Developed,78.8,91.0,1.0,12.05,5160.508378,64.0,61.0,59.8,1.0,96.0,9.32,95.0,0.1,35589.71295,1421137.0,0.8,0.8,0.88,18.8,79.246086,-0.4460861206054716
Turkey,2010.0,Developing,74.2,116.0,21.0,1.49,32.78235828,96.0,7.0,61.9,25.0,97.0,5.61,97.0,0.1,1672.5693,72326914.0,4.9,4.7,0.715,13.0,74.73132,-0.5313232421874972
Belgium,2009.0,Developed,79.8,85.0,0.0,10.05,671.9376566,97.0,33.0,61.6,1.0,98.0,1.39,98.0,0.1,4488.5615,1796493.0,0.9,0.9,0.876,15.8,80.79556,-0.9955627441406278
Zimbabwe,2003.0,Developing,44.5,715.0,26.0,4.06,0.0,7.0,998.0,26.7,41.0,7.0,6.52,68.0,36.7,453.3511552,12633897.0,9.8,9.9,0.418,9.5,45.588413,-1.0884132385253906
Bhutan,2005.0,Developing,65.0,254.0,1.0,0.73,145.5965445,95.0,11.0,16.7,1.0,95.0,5.28,95.0,0.3,1247.61392,656639.0,17.8,18.6,0.0,9.2,65.01529,-0.015289306640625
Ethiopia,2000.0,Developing,51.2,391.0,253.0,0.88,11.59481766,92.0,1660.0,12.3,404.0,55.0,4.36,3.0,5.0,123.876257,66537331.0,11.9,11.8,0.0,3.9,52.33538,-1.135380554199216
El Salvador,2002.0,Developing,73.0,24.0,3.0,2.97,29.68529375,81.0,0.0,47.0,4.0,81.0,7.9,81.0,0.4,248.4125,59433.0,2.0,1.9,0.621,11.8,70.56155,2.4384536743164062
Bulgaria,2006.0,Developed,72.2,161.0,1.0,10.39,508.6304588,96.0,1.0,6.3,1.0,96.0,6.67,95.0,0.1,4513.13628,76122.0,2.2,2.2,0.75,13.5,72.92307,-0.7230728149414034
Togo,2013.0,Developing,59.4,287.0,14.0,0.01,48.73047089,84.0,564.0,23.1,20.0,84.0,5.12,84.0,1.5,579.43485,742948.0,6.8,6.6,0.47,12.0,60.573437,-1.1734367370605483
Solomon Islands,2012.0,Developing,68.7,184.0,0.0,0.01,247.9492284,99.0,0.0,48.1,0.0,99.0,5.48,99.0,0.1,1858.689868,551531.0,1.2,1.2,0.505,9.4,68.317764,0.38223571777344034
Poland,2014.0,Developed,77.3,12.0,2.0,10.71,243.808475,96.0,0.0,61.1,2.0,94.0,6.35,98.0,0.1,14341.675,3811735.0,1.9,2.1,0.85,16.4,80.75214,-3.452136230468753
Comoros,2005.0,Developing,60.0,266.0,2.0,0.24,69.9675435,68.0,912.0,19.2,2.0,67.0,4.32,68.0,0.1,621.93372,611627.0,7.5,7.4,0.434,9.7,61.935036,-1.9350357055664062
Czechia,2011.0,Developed,77.8,97.0,0.0,12.43,0.0,99.0,17.0,64.0,0.0,99.0,7.5,99.0,0.1,1766.947595,1386542.0,1.9,1.9,0.677,12.3,78.420494,-0.6204940795898466
Bhutan,2014.0,Developing,69.4,216.0,0.0,0.01,209.3921344,99.0,0.0,23.6,1.0,98.0,3.57,99.0,0.5,2522.7968,776448.0,15.7,16.2,0.596,12.5,68.28829,1.111708068847662
Malaysia,2014.0,Developing,74.8,126.0,4.0,0.52,721.3655432,96.0,221.0,39.5,4.0,97.0,4.17,97.0,0.1,11183.96191,322817.0,7.6,7.4,0.783,13.0,74.86169,-0.06168670654297159
Iraq,2015.0,Developing,68.9,182.0,32.0,3.755,0.0,56.0,1433.0,59.1,38.0,63.0,5.755,58.0,0.1,4974.2693,36115649.0,5.3,5.1,0.649,10.1,71.98613,-3.086129760742182
Cyprus,2009.0,Developed,79.3,6.0,0.0,10.8,230.2524184,96.0,0.0,57.3,0.0,99.0,7.4,99.0,0.1,3215.8159,19876.0,0.9,1.0,0.849,14.1,79.9484,-0.6484024047851591
Albania,2001.0,Developing,73.6,14.0,1.0,4.25,96.20557078,96.0,18.0,46.0,1.0,97.0,6.0,97.0,0.1,1326.97339,36173.0,2.1,2.1,0.662,10.6,72.642,0.9580017089843693
Romania,2002.0,Developed,77.0,178.0,4.0,9.62,37.82275031,99.0,14.0,52.4,5.0,98.0,4.57,98.0,0.1,2124.873613,2173496.0,3.7,4.1,0.714,12.0,75.16354,1.836456298828125
Uganda,2010.0,Developing,58.4,362.0,79.0,10.03,116.202964,8.0,1313.0,16.3,119.0,79.0,11.2,8.0,8.0,594.9972557,33915133.0,6.0,6.0,0.473,10.9,58.366196,0.03380432128906108
Panama,2003.0,Developing,75.5,126.0,1.0,5.52,58.45976019,98.0,0.0,48.6,2.0,95.0,7.6,98.0,0.1,4267.13578,329174.0,2.2,2.2,0.728,12.8,75.19455,0.305450439453125
Egypt,2007.0,Developing,69.7,171.0,55.0,0.21,0.0,98.0,1684.0,54.8,65.0,98.0,4.95,98.0,0.1,1766.947595,1386542.0,3.1,3.1,0.644,11.7,70.169685,-0.4696853637695284
Pakistan,2010.0,Developing,65.1,172.0,372.0,0.04,0.66751505,82.0,4321.0,21.9,461.0,82.0,3.2,82.0,0.1,14.142268,1756182.0,2.2,2.7,0.521,7.5,65.3397,-0.23969879150391193
Nigeria,2004.0,Developing,48.5,47.0,563.0,9.76,57.22555815,92.0,31521.0,18.8,907.0,43.0,4.33,33.0,5.4,648.815852,135393616.0,13.2,13.2,0.445,8.5,49.13604,-0.6360397338867188
Turkey,2011.0,Developing,74.5,114.0,20.0,1.53,1275.877569,96.0,111.0,62.8,23.0,97.0,5.29,97.0,0.1,11341.13395,7349455.0,4.9,4.7,0.737,13.8,73.954735,0.5452651977539062
Solomon Islands,2011.0,Developing,68.5,186.0,0.0,0.99,229.6687488,99.0,0.0,47.2,0.0,99.0,5.8,99.0,0.1,1642.837974,539614.0,1.2,1.2,0.497,9.4,69.65705,-1.1570510864257812
Iran (Islamic Republic Of),2005.0,Developing,72.0,139.0,27.0,0.01,0.0,94.0,7.0,48.5,32.0,95.0,6.6,95.0,0.1,1766.947595,1386542.0,7.4,7.7,0.687,11.4,73.171684,-1.1716842651367188
Italy,2011.0,Developed,82.0,6.0,2.0,6.98,5439.691769,96.0,5189.0,61.5,2.0,96.0,9.27,96.0,0.1,38334.68477,59379449.0,0.5,0.5,0.872,16.4,82.35179,-0.3517913818359375
Djibouti,2009.0,Developing,69.0,279.0,1.0,0.49,177.2671607,89.0,48.0,31.7,2.0,89.0,8.37,89.0,3.2,1253.657431,83684.0,5.7,5.6,0.436,5.3,61.82386,7.176139831542969
Côte D'Ivoire,2011.0,Developing,51.7,419.0,60.0,3.13,0.0,62.0,628.0,25.6,83.0,58.0,6.42,62.0,3.3,1766.947595,1386542.0,6.1,6.0,0.677,12.3,50.52344,1.1765586853027372
Bahamas,2013.0,Developing,74.8,172.0,0.0,9.42,0.0,97.0,0.0,63.2,0.0,97.0,7.5,97.0,0.1,1766.947595,1386542.0,2.5,2.5,0.79,12.6,75.37229,-0.5722915649414091
South Sudan,2002.0,Developing,52.0,382.0,30.0,3.755,0.0,92.0,0.0,43.5,48.0,93.0,5.755,93.0,3.3,1766.947595,7237276.0,3.3,3.3,0.0,12.3,51.664658,0.3353424072265625
Senegal,2002.0,Developing,58.4,252.0,25.0,0.36,49.73511396,92.0,18184.0,18.3,47.0,6.0,5.6,6.0,0.7,513.26227,1396861.0,12.0,11.9,0.397,5.7,59.934673,-1.5346733093261733
Sudan,2010.0,Developing,62.5,243.0,62.0,1.77,172.0097884,75.0,680.0,43.5,92.0,9.0,7.97,9.0,0.3,1476.47887,34385963.0,3.3,3.3,0.461,7.0,62.315083,0.18491744995117188
Timor-Leste,2007.0,Developing,65.8,173.0,2.0,0.05,11.75766897,92.0,0.0,14.2,3.0,7.0,0.37,7.0,0.1,524.8959363,164973.0,11.8,11.8,0.541,11.3,65.997025,-0.19702453613281534
Bosnia And Herzegovina,2011.0,Developing,76.9,92.0,0.0,4.64,7.959131146,88.0,10.0,53.7,0.0,89.0,9.71,88.0,0.1,55.156834,3688865.0,2.6,2.5,0.711,13.4,76.09724,0.8027633666992244
Guinea-Bissau,2015.0,Developing,58.9,275.0,4.0,3.755,0.0,87.0,153.0,26.3,6.0,87.0,5.755,87.0,3.2,596.8717189,177526.0,7.1,7.0,0.421,9.2,58.512505,0.38749542236327983
Timor-Leste,2009.0,Developing,66.6,165.0,2.0,0.09,36.199487,72.0,10.0,15.1,3.0,78.0,1.2,72.0,0.1,757.3114436,19221.0,11.6,11.6,0.599,12.1,67.09469,-0.49468841552734943
Czechia,2013.0,Developed,78.2,9.0,0.0,12.45,0.0,99.0,15.0,65.1,0.0,99.0,7.49,98.0,0.1,1766.947595,1386542.0,1.8,1.9,0.677,12.3,78.32089,-0.12089233398437216
Antigua And Barbuda,2006.0,Developing,74.8,145.0,0.0,8.93,216.3146941,99.0,0.0,42.0,0.0,99.0,4.34,99.0,0.1,12724.39377,1386542.0,3.4,3.4,0.773,14.7,73.63961,1.1603897094726534
Republic Of Korea,2004.0,Developing,78.2,89.0,3.0,9.18,0.0,92.0,11.0,26.7,3.0,9.0,4.96,88.0,0.1,1766.947595,1386542.0,1.6,1.0,0.677,12.3,78.37322,-0.1732223510742159
Denmark,2006.0,Developed,78.1,93.0,0.0,11.02,850.9544783,92.0,27.0,55.4,0.0,93.0,9.92,93.0,0.1,5226.99311,5437272.0,1.2,0.9,0.902,16.9,78.42508,-0.3250793457031307
Barbados,2012.0,Developing,75.1,12.0,0.0,8.61,260.0043858,87.0,0.0,52.2,0.0,88.0,7.43,87.0,0.1,15384.8749,1386542.0,3.8,3.8,0.785,15.3,74.57122,0.5287796020507756
Uganda,2002.0,Developing,48.8,523.0,112.0,10.42,2.690897842,29.0,49871.0,13.6,181.0,57.0,7.78,57.0,10.0,24.2423229,2571848.0,6.8,6.8,0.404,11.0,50.27114,-1.4711410522460966
Angola,2000.0,Developing,45.3,48.0,97.0,1.85,15.88149254,92.0,2219.0,15.4,160.0,3.0,2.79,28.0,2.0,555.2969419,1644924.0,1.9,1.9,0.382,4.6,47.476616,-2.1766159057617216
Paraguay,2011.0,Developing,73.4,15.0,3.0,5.79,472.1932825,89.0,0.0,47.1,3.0,84.0,9.42,89.0,0.1,3988.11894,6293783.0,2.1,2.0,0.675,12.3,76.15785,-2.757852172851557
Burkina Faso,2005.0,Developing,53.3,313.0,48.0,4.88,8.769989329,92.0,253.0,14.2,89.0,94.0,6.87,82.0,2.3,46.998871,1342193.0,1.3,9.8,0.0,4.3,55.396385,-2.0963851928710966
Suriname,2001.0,Developing,67.7,219.0,0.0,4.23,191.2135044,92.0,0.0,48.3,0.0,65.0,8.38,68.0,1.8,1598.77512,47774.0,3.6,3.5,0.0,11.0,65.157776,2.542224121093753
Algeria,2002.0,Developing,71.6,145.0,20.0,0.36,148.5119843,92.0,5862.0,46.1,23.0,86.0,3.73,86.0,0.1,1774.33673,3199546.0,6.3,6.2,0.653,11.1,72.66261,-1.0626129150390682
Jamaica,2014.0,Developing,75.8,133.0,1.0,3.83,427.3054534,92.0,0.0,53.5,1.0,93.0,5.36,92.0,0.5,4855.743789,286287.0,1.8,1.7,0.727,12.8,75.03792,0.7620819091796847
Kiribati,2000.0,Developing,64.1,222.0,0.0,0.46,11.07543331,9.0,0.0,67.9,0.0,9.0,8.12,9.0,0.1,796.7937634,8446.0,0.2,0.2,0.0,10.0,66.52788,-2.427877807617193
Georgia,2014.0,Developing,74.5,125.0,1.0,6.13,221.482875,91.0,3188.0,55.3,1.0,91.0,7.42,91.0,0.1,4429.6575,3727.0,2.7,2.8,0.759,13.5,74.583534,-0.08353424072265625
Tonga,2001.0,Developing,71.8,157.0,0.0,1.35,330.1007394,91.0,4.0,66.2,0.0,91.0,5.66,89.0,0.1,1837.977391,98611.0,0.1,0.1,0.674,13.2,71.499084,0.30091552734374716
Lesotho,2014.0,Developing,52.1,522.0,4.0,0.01,162.1278115,93.0,0.0,32.0,6.0,9.0,1.62,93.0,9.4,1174.839214,2145785.0,5.8,5.6,0.491,10.8,52.25094,-0.15093841552734233
Argentina,2015.0,Developing,76.3,116.0,8.0,3.755,0.0,94.0,0.0,62.8,9.0,93.0,5.755,94.0,0.1,13467.1236,43417765.0,1.0,0.9,0.826,17.3,76.708954,-0.40895385742187784
New Zealand,2001.0,Developed,78.5,83.0,0.0,8.75,2205.98595,9.0,65.0,59.6,0.0,82.0,7.58,9.0,0.1,13882.85683,1386542.0,0.3,0.3,0.868,17.4,78.438705,0.0612945556640625
Mozambique,2003.0,Developing,51.0,424.0,85.0,1.68,42.52689559,76.0,28898.0,17.7,124.0,67.0,6.39,85.0,15.3,283.8911588,19716598.0,4.0,3.9,0.318,6.7,53.462215,-2.4622154235839844
Mexico,2010.0,Developing,75.6,127.0,35.0,5.21,1033.039737,93.0,0.0,6.1,40.0,95.0,6.39,95.0,0.1,8959.581416,117318941.0,1.6,1.6,0.739,12.5,76.928444,-1.328443908691412
Argentina,2002.0,Developing,74.1,138.0,12.0,7.81,470.1869145,66.0,0.0,55.1,13.0,94.0,8.31,93.0,0.1,2579.193168,3788937.0,1.2,1.0,0.776,16.3,73.9758,0.12420043945311932
Guatemala,2012.0,Developing,71.3,189.0,11.0,2.02,484.7187892,96.0,0.0,48.6,13.0,94.0,6.33,96.0,0.4,3299.65139,1527156.0,1.2,1.2,0.616,10.6,72.049774,-0.7497741699218778
Saint Vincent And The Grenadines,2015.0,Developing,73.2,156.0,0.0,3.755,0.0,98.0,0.0,54.1,0.0,97.0,5.755,98.0,0.1,1766.947595,1386542.0,3.5,3.4,0.72,13.3,73.028694,0.1713058471679716
San Marino,2013.0,Developing,72.1,144.0,0.0,0.01,0.0,69.0,0.0,43.5,0.0,69.0,6.5,69.0,0.1,1766.947595,1386542.0,3.3,3.3,0.677,15.1,73.719284,-1.6192840576171932
Equatorial Guinea,2015.0,Developing,58.2,32.0,3.0,3.755,0.0,16.0,1250.0,24.5,4.0,17.0,5.755,16.0,4.2,1347.31257,1175389.0,8.4,8.3,0.582,9.2,60.075195,-1.8751953124999972
Burkina Faso,2004.0,Developing,52.4,323.0,49.0,4.54,56.96108089,92.0,77.0,13.7,91.0,83.0,6.45,79.0,2.5,371.323865,133569.0,1.5,1.1,0.0,3.9,54.610657,-2.2106567382812514
Netherlands,2012.0,Developed,81.1,62.0,1.0,9.05,1162.656768,2.0,10.0,6.5,1.0,97.0,11.1,97.0,0.1,49474.7561,16754962.0,1.0,0.9,0.921,18.1,81.70033,-0.6003326416015682
Latvia,2007.0,Developed,78.0,221.0,0.0,12.12,170.9884138,91.0,0.0,57.7,0.0,94.0,7.1,94.0,0.1,1444.1589,22325.0,2.4,2.4,0.814,16.2,73.82931,4.170692443847656
Croatia,2005.0,Developed,75.2,116.0,0.0,11.59,167.2319899,92.0,2.0,57.5,0.0,96.0,6.89,96.0,0.1,1224.2459,4442.0,1.8,1.8,0.777,13.6,75.71357,-0.5135696411132784
Sao Tome And Principe,2001.0,Developing,62.8,225.0,0.0,5.02,3.841228575,92.0,0.0,21.1,0.0,9.0,1.28,92.0,1.5,51.216381,141622.0,7.8,7.8,0.497,9.4,63.6293,-0.8292991638183622
Mongolia,2013.0,Developing,68.1,227.0,1.0,0.01,241.1958645,98.0,0.0,5.4,1.0,98.0,4.21,98.0,0.1,4385.379355,286917.0,2.2,2.3,0.72,14.7,69.14809,-1.0480865478515682
Brunei Darussalam,2015.0,Developing,77.7,78.0,0.0,3.755,0.0,99.0,4.0,41.2,0.0,99.0,5.755,99.0,0.1,3967.8951,1386542.0,5.7,5.1,0.864,14.9,78.53081,-0.8308074951171847
Mali,2013.0,Developing,57.3,275.0,53.0,0.01,36.86104319,69.0,221.0,22.5,86.0,7.0,6.58,69.0,1.6,777.659139,16477818.0,8.1,7.9,0.421,8.0,57.99243,-0.6924316406250028
Luxembourg,2010.0,Developed,86.0,73.0,0.0,11.36,2267.252192,94.0,0.0,59.2,0.0,96.0,7.68,99.0,0.1,14965.361,56953.0,0.9,0.9,0.884,13.7,82.2977,3.702301025390625
Armenia,2009.0,Developing,73.3,137.0,1.0,3.96,201.1855461,93.0,0.0,5.7,1.0,94.0,4.55,93.0,0.1,2993.832531,2888584.0,2.0,2.1,0.725,11.9,74.586845,-1.2868453979492216
Fiji,2006.0,Developing,68.5,211.0,0.0,2.06,52.1241634,99.0,136.0,55.9,0.0,98.0,3.84,98.0,0.1,3749.939813,827411.0,4.1,3.8,0.695,14.0,68.634445,-0.1344451904296875
Burundi,2011.0,Developing,57.4,321.0,22.0,4.16,3.595980333,96.0,129.0,16.6,33.0,95.0,8.58,96.0,1.5,26.479973,94358.0,7.6,7.6,0.385,9.9,57.348785,0.05121459960937358
Cyprus,2011.0,Developed,79.7,57.0,0.0,10.69,2443.325028,96.0,0.0,58.3,0.0,99.0,7.54,99.0,0.1,32233.83942,1124835.0,0.9,1.0,0.847,13.8,80.5679,-0.8679016113281222
Cambodia,2000.0,Developing,57.7,274.0,27.0,1.51,0.328418056,92.0,12237.0,12.1,36.0,62.0,5.87,59.0,2.1,3.685949,12152354.0,11.6,11.9,0.401,7.2,57.14641,0.5535881042480497
South Sudan,2007.0,Developing,53.1,381.0,27.0,3.755,0.0,92.0,0.0,43.5,43.0,93.0,5.755,93.0,4.2,1766.947595,88568.0,3.3,3.3,0.0,12.3,52.998814,0.1011863708496108
Madagascar,2013.0,Developing,64.7,23.0,29.0,0.87,79.50882493,74.0,6.0,19.5,40.0,73.0,4.15,74.0,0.4,461.723722,22961146.0,7.3,7.2,0.508,10.3,68.6962,-3.996197509765622
Belarus,2000.0,Developing,68.0,247.0,1.0,12.98,24.24947846,7.0,21.0,54.4,1.0,99.0,6.13,99.0,0.1,1276.28834,997961.0,2.7,2.8,0.675,13.1,67.67742,0.32257843017578125
Comoros,2002.0,Developing,59.5,271.0,2.0,0.08,29.41897495,92.0,0.0,18.0,2.0,98.0,3.39,89.0,0.1,433.2691451,569479.0,7.7,7.7,0.0,8.8,60.112602,-0.6126022338867188
United Republic Of Tanzania,2005.0,Developing,52.2,449.0,97.0,3.94,0.0,9.0,23.0,18.1,149.0,91.0,4.66,9.0,10.0,1766.947595,1386542.0,7.7,7.6,0.677,12.3,52.63968,-0.43967895507812216
The Former Yugoslav Republic Of Macedonia,2003.0,Developing,73.2,126.0,0.0,2.4,0.0,92.0,18.0,54.1,0.0,96.0,9.17,96.0,0.1,1766.947595,1386542.0,2.7,2.7,0.0,11.9,73.101746,0.09825439453125284
Cyprus,2012.0,Developed,80.0,56.0,0.0,10.55,2159.756205,96.0,1.0,58.7,0.0,99.0,7.44,99.0,0.1,28951.15556,113562.0,0.9,1.0,0.85,13.8,81.374054,-1.374053955078125
Indonesia,2009.0,Developing,67.9,189.0,143.0,0.08,125.7980678,82.0,20818.0,22.1,174.0,85.0,2.83,78.0,0.3,2254.44566,23934478.0,1.7,1.6,0.645,11.7,70.29153,-2.391526794433588
Denmark,2004.0,Developed,77.7,98.0,0.0,11.27,6948.839868,92.0,0.0,54.4,0.0,95.0,9.67,95.0,0.1,46511.6457,544523.0,1.2,1.0,0.893,16.5,78.876274,-1.176274108886716
Sierra Leone,2010.0,Developing,48.1,424.0,27.0,3.84,5.347717533,86.0,1089.0,21.7,40.0,84.0,1.32,86.0,1.6,45.128418,645872.0,8.3,8.2,0.384,8.7,49.334953,-1.2349533081054673
Somalia,2009.0,Developing,52.2,335.0,52.0,0.01,0.0,92.0,13.0,21.5,84.0,41.0,5.755,42.0,0.8,1766.947595,1386542.0,7.1,6.9,0.677,12.3,51.734882,0.4651176452636747
Niger,2010.0,Developing,58.2,252.0,50.0,0.12,5.883760536,7.0,372.0,17.3,95.0,75.0,6.36,7.0,0.9,348.151511,16425578.0,1.7,1.6,0.312,4.5,60.56189,-2.361889648437497
Kenya,2002.0,Developing,52.1,437.0,76.0,1.66,32.73674134,84.0,766.0,15.1,118.0,83.0,4.54,84.0,15.7,395.8493511,332149.0,8.9,8.9,0.451,8.5,52.5473,-0.44729843139648295
Venezuela (Bolivarian Republic Of),2008.0,Developing,73.2,168.0,9.0,8.18,0.0,53.0,0.0,58.2,10.0,76.0,3.98,5.0,0.1,1766.947595,1386542.0,1.6,1.5,0.745,13.4,73.99961,-0.7996109008789034
Sri Lanka,2010.0,Developing,74.5,138.0,3.0,2.31,191.7267589,99.0,79.0,19.8,4.0,99.0,3.43,99.0,0.1,2819.511161,2119.0,15.3,15.3,0.739,13.5,74.75539,-0.2553863525390625
Central African Republic,2000.0,Developing,46.0,49.0,16.0,1.51,30.78382657,92.0,3207.0,16.5,25.0,38.0,4.24,37.0,14.3,243.5429317,3754986.0,1.5,1.5,0.312,5.2,46.31193,-0.3119316101074219
Saint Vincent And The Grenadines,2010.0,Developing,72.5,162.0,0.0,7.0,0.0,99.0,0.0,49.3,0.0,99.0,4.71,99.0,0.1,1766.947595,1386542.0,3.5,3.5,0.711,13.3,71.98688,0.51312255859375
Sudan,2003.0,Developing,59.6,278.0,69.0,1.74,35.35264737,92.0,4381.0,43.5,104.0,69.0,3.18,69.0,0.2,477.738478,29435944.0,3.3,3.3,0.409,5.6,59.51613,0.08387145996093892
Jordan,2005.0,Developing,72.4,127.0,4.0,0.55,27.44252286,95.0,28.0,57.8,4.0,95.0,8.88,95.0,0.1,223.83787,5714111.0,3.9,3.8,0.73,13.8,72.93084,-0.5308395385742131
Haiti,2013.0,Developing,62.7,253.0,14.0,5.68,4.989712322,68.0,0.0,47.7,19.0,67.0,8.1,68.0,0.5,81.265673,1431776.0,3.9,3.9,0.483,9.1,64.5666,-1.8665969848632784
Turkmenistan,2006.0,Developing,63.7,245.0,6.0,2.71,29.27235366,98.0,48.0,41.3,8.0,98.0,2.9,98.0,0.1,2136.66815,48115.0,3.3,3.3,0.0,10.4,63.45949,0.24050827026367472
Lao People'S Democratic Republic,2012.0,Developing,64.4,28.0,9.0,0.01,0.0,79.0,32.0,19.4,12.0,78.0,2.12,79.0,0.3,1766.947595,1386542.0,9.1,9.2,0.554,10.2,65.283516,-0.8835159301757756
Finland,2000.0,Developing,77.5,15.0,0.0,8.59,397.7533689,92.0,0.0,55.5,0.0,96.0,7.22,99.0,0.1,24253.2542,517629.0,0.9,0.9,0.847,17.3,76.7732,0.7267990112304688
Guinea,2014.0,Developing,58.1,299.0,27.0,0.01,50.57976483,51.0,175.0,22.7,41.0,42.0,5.64,51.0,0.5,561.997387,118559.0,7.5,7.4,0.412,8.6,59.033325,-0.9333251953124986
Tunisia,2007.0,Developing,74.6,12.0,3.0,1.24,469.6282925,98.0,4.0,53.9,4.0,98.0,5.64,98.0,0.1,3778.184171,129887.0,6.3,6.3,0.695,14.3,73.83581,0.7641921997070256
Bosnia And Herzegovina,2013.0,Developing,77.0,9.0,0.0,4.12,75.61062911,91.0,0.0,54.7,0.0,87.0,9.46,89.0,0.1,535.86555,364999.0,2.4,2.4,0.735,14.2,75.35541,1.64459228515625
Comoros,2009.0,Developing,61.3,251.0,2.0,0.17,56.98952474,83.0,1.0,21.1,2.0,84.0,3.82,83.0,0.1,778.5454199,673252.0,7.2,7.0,0.465,10.3,63.227547,-1.927546691894534
Lithuania,2000.0,Developed,71.6,2.0,0.0,9.87,373.2605532,98.0,19.0,56.9,0.0,92.0,6.46,94.0,0.1,3297.35471,3499536.0,3.4,3.4,0.745,14.0,74.95152,-3.351522827148443
Zambia,2000.0,Developing,43.8,614.0,44.0,2.62,45.61688038,92.0,30930.0,16.8,72.0,85.0,7.16,85.0,18.7,341.955625,1531221.0,7.5,7.5,0.418,9.6,44.99734,-1.1973411560058622
Lao People'S Democratic Republic,2005.0,Developing,61.0,246.0,11.0,3.68,0.0,49.0,295.0,14.9,16.0,5.0,4.32,49.0,0.2,1766.947595,1386542.0,1.0,1.1,0.494,8.7,60.146057,0.85394287109375
Tunisia,2011.0,Developing,74.8,13.0,3.0,1.29,623.2120325,98.0,11.0,57.4,3.0,98.0,7.15,98.0,0.1,4256.91279,1761467.0,6.4,6.3,0.714,14.5,74.77357,0.026432800292965908
Myanmar,2011.0,Developing,65.6,27.0,47.0,0.33,21.23698847,4.0,2046.0,2.5,61.0,9.0,1.87,84.0,0.5,1186.423937,555331.0,13.0,13.3,0.526,9.1,65.44882,0.15117797851561932
Maldives,2002.0,Developing,71.8,124.0,0.0,1.95,4.299053392,98.0,926.0,16.2,0.0,98.0,5.78,98.0,0.1,32.37239,297.0,14.6,14.7,0.597,12.0,72.71749,-0.9174911499023466
Pakistan,2005.0,Developing,62.9,2.0,364.0,0.04,30.59320769,7.0,2981.0,18.9,459.0,78.0,2.91,77.0,0.1,711.4699463,15399667.0,21.2,21.7,0.487,6.1,61.972763,0.9272369384765611
Czechia,2004.0,Developed,75.8,116.0,0.0,13.24,0.0,98.0,17.0,6.8,0.0,96.0,6.9,98.0,0.1,1766.947595,1386542.0,2.1,2.2,0.677,12.3,75.47753,0.3224685668945284
United Arab Emirates,2009.0,Developing,76.0,84.0,1.0,1.73,292.4022672,93.0,0.0,55.1,1.0,94.0,4.5,93.0,0.1,3372.57517,1386542.0,5.1,4.9,0.831,13.2,75.557205,0.4427947998046875
Suriname,2002.0,Developing,67.9,221.0,0.0,4.41,250.7112373,92.0,0.0,49.0,0.0,74.0,7.14,73.0,1.6,2232.513244,48344.0,3.5,3.5,0.0,11.0,66.56427,1.3357299804687557
Croatia,2014.0,Developed,77.8,97.0,0.0,12.14,1884.098811,95.0,0.0,63.1,0.0,95.0,7.8,95.0,0.1,13467.46827,4238389.0,1.5,1.5,0.82,15.1,77.7741,0.025898742675778408
Iran (Islamic Republic Of),2004.0,Developing,71.8,139.0,28.0,0.01,0.0,95.0,3.0,47.6,33.0,98.0,5.89,99.0,0.1,1766.947595,1386542.0,7.4,7.7,0.686,11.8,73.1069,-1.3069030761718778
Malawi,2002.0,Developing,44.0,67.0,46.0,1.1,3.885394742,64.0,92.0,14.8,75.0,79.0,4.82,64.0,24.7,29.9798977,1213711.0,7.7,7.6,0.388,10.4,48.011814,-4.011814117431641
China,2003.0,Developing,73.1,13.0,391.0,2.96,122.9365349,75.0,71879.0,22.6,467.0,87.0,4.82,86.0,0.1,1288.642924,12884.0,5.3,4.7,0.61,9.9,73.91321,-0.8132080078125057
Mexico,2014.0,Developing,76.6,122.0,31.0,5.26,168.173753,84.0,3.0,62.8,36.0,87.0,6.3,87.0,0.1,1452.27766,1242216.0,1.6,1.5,0.754,13.1,77.16023,-0.5602325439453182
Antigua And Barbuda,2009.0,Developing,75.4,14.0,0.0,7.82,149.3587355,98.0,0.0,43.8,0.0,98.0,4.86,99.0,0.1,1312.46692,1386542.0,3.4,3.3,0.788,14.2,74.37863,1.0213684082031307
Venezuela (Bolivarian Republic Of),2005.0,Developing,73.6,158.0,9.0,7.92,0.0,88.0,0.0,56.5,11.0,8.0,4.69,87.0,0.1,1766.947595,1386542.0,1.7,1.6,0.7,11.8,73.06037,0.5396286010742131
Iran (Islamic Republic Of),2012.0,Developing,75.1,85.0,21.0,0.01,0.0,98.0,332.0,56.0,24.0,99.0,6.98,99.0,0.1,1766.947595,1386542.0,8.0,8.2,0.755,13.6,74.55552,0.5444808959960881
Republic Of Korea,2006.0,Developing,79.4,79.0,2.0,8.83,0.0,99.0,28.0,27.7,2.0,98.0,5.76,98.0,0.1,1766.947595,1386542.0,1.5,1.0,0.677,12.3,79.24722,0.15277709960938068
Angola,2007.0,Developing,48.2,375.0,87.0,6.35,184.8213446,73.0,1014.0,18.8,138.0,75.0,3.38,73.0,2.6,2878.837144,2997687.0,9.6,9.6,0.454,7.7,48.37236,-0.17236022949218466
Somalia,2003.0,Developing,51.1,344.0,48.0,0.01,0.0,92.0,8257.0,19.0,78.0,4.0,5.755,4.0,0.9,1766.947595,1386542.0,7.7,7.5,0.677,12.3,52.345695,-1.2456954956054673
Nigeria,2012.0,Developing,52.7,374.0,505.0,8.54,204.7186256,42.0,6447.0,23.5,788.0,42.0,3.3,42.0,4.4,2755.297787,167297284.0,1.7,1.6,0.507,9.7,53.039684,-0.33968429565429403
Nicaragua,2010.0,Developing,73.2,154.0,3.0,3.38,302.7045411,98.0,0.0,5.2,3.0,99.0,6.58,98.0,0.1,1526.497938,5737723.0,1.9,1.8,0.614,11.4,73.20598,-0.005978393554684658
Greece,2000.0,Developing,78.2,84.0,1.0,8.48,122.1823517,89.0,56.0,57.4,1.0,89.0,7.6,89.0,0.1,1242.95373,18588.0,0.9,0.8,0.794,13.9,77.72736,0.4726364135742216
Bolivia (Plurinational State Of),2010.0,Developing,68.7,22.0,9.0,3.95,0.0,91.0,0.0,49.3,12.0,9.0,5.44,91.0,0.2,1766.947595,1386542.0,1.2,1.1,0.643,13.8,67.32782,1.3721801757812528
Democratic Republic Of The Congo,2007.0,Developing,55.7,299.0,236.0,1.52,0.0,7.0,55577.0,17.8,326.0,72.0,3.61,7.0,1.9,1766.947595,1386542.0,11.1,1.9,0.677,12.3,57.175213,-1.475212860107419
Kuwait,2003.0,Developing,73.4,93.0,0.0,0.03,159.0098727,99.0,0.0,65.5,1.0,99.0,3.23,99.0,0.1,2271.56961,1386542.0,3.2,3.0,0.788,14.1,73.46982,-0.06981811523436932
Papua New Guinea,2011.0,Developing,62.0,285.0,10.0,0.88,23.40731286,66.0,0.0,45.7,13.0,69.0,4.94,72.0,1.0,177.867119,7269348.0,1.3,1.3,0.494,9.9,62.303753,-0.3037528991699219
Syrian Arab Republic,2013.0,Developing,63.6,37.0,7.0,0.01,0.0,71.0,740.0,55.2,9.0,5.0,3.25,41.0,0.1,1766.947595,1989141.0,6.3,6.1,0.635,13.0,66.39624,-2.7962402343749986
Guyana,2007.0,Developing,65.7,232.0,1.0,7.2,362.8702271,94.0,0.0,4.3,1.0,94.0,6.45,94.0,1.9,2327.58324,747869.0,5.7,5.5,0.62,11.2,64.9849,0.7150985717773466
Chad,2000.0,Developing,47.6,44.0,41.0,0.25,21.52701616,92.0,3546.0,13.9,74.0,3.0,6.28,36.0,4.6,166.231785,8342559.0,11.5,11.4,0.0,4.7,46.94001,0.6599899291992202
Oman,2001.0,Developing,72.9,134.0,1.0,0.55,564.5425663,99.0,15.0,46.5,1.0,99.0,3.8,99.0,0.1,8476.61511,1386542.0,7.1,6.9,0.705,10.7,73.47921,-0.5792098999023381
Niger,2009.0,Developing,57.1,263.0,51.0,0.11,5.665405066,71.0,801.0,16.9,99.0,71.0,6.98,71.0,1.1,341.2894618,15813913.0,11.0,1.8,0.307,4.2,60.156,-3.0559982299804673
Republic Of Korea,2012.0,Developing,81.2,69.0,1.0,9.56,0.0,99.0,2.0,3.4,2.0,99.0,7.1,99.0,0.1,1766.947595,1386542.0,1.5,1.0,0.677,12.3,81.69056,-0.4905593872070284
South Sudan,2009.0,Developing,54.3,369.0,27.0,3.755,0.0,92.0,0.0,43.5,42.0,93.0,5.755,93.0,4.2,1264.78998,967667.0,3.3,3.3,0.0,12.3,54.234528,0.06547241210937216
Canada,2000.0,Developing,79.1,82.0,2.0,7.6,3787.49456,92.0,206.0,57.8,2.0,88.0,8.67,89.0,0.1,24124.16917,37697.0,0.5,0.5,0.864,15.9,79.1381,-0.038099670410161934
Cameroon,2009.0,Developing,54.8,373.0,54.0,5.89,9.042540892,8.0,251.0,25.4,85.0,79.0,5.7,8.0,6.3,123.19538,19432541.0,6.3,6.3,0.473,9.2,53.909225,0.8907745361328097
Thailand,2007.0,Developing,73.3,165.0,12.0,6.2,520.7639087,96.0,3893.0,24.6,14.0,98.0,3.56,98.0,0.4,3972.26475,66195615.0,8.6,8.8,0.687,12.3,72.16567,1.1343276977539034
Tajikistan,2013.0,Developing,69.3,163.0,10.0,0.01,1.0419164,96.0,1.0,39.0,11.0,97.0,6.75,96.0,0.2,14.214412,817789.0,3.6,3.7,0.617,11.2,68.52834,0.7716567993164034
Estonia,2012.0,Developing,76.3,135.0,0.0,0.01,2263.103797,94.0,4.0,58.5,0.0,94.0,6.36,94.0,0.1,17421.8922,1322696.0,1.9,1.9,0.85,16.5,77.742195,-1.442195129394534
Romania,2014.0,Developed,74.8,135.0,2.0,0.01,1.576409172,94.0,59.0,59.9,2.0,94.0,5.57,94.0,0.1,12.27733,1998979.0,2.6,2.8,0.797,14.7,74.79022,0.009777832031247158
Mauritius,2005.0,Developing,72.1,168.0,0.0,3.94,479.9234077,97.0,7.0,28.0,0.0,97.0,4.47,97.0,0.1,5116.45424,1228254.0,7.7,7.6,0.704,13.0,72.36571,-0.2657073974609432
Thailand,2014.0,Developing,74.6,152.0,8.0,6.41,789.0772949,99.0,0.0,32.4,10.0,99.0,4.12,99.0,0.1,5941.8471,68416772.0,7.8,7.8,0.737,13.6,74.68478,-0.08477630615234943
Australia,2007.0,Developed,81.3,66.0,1.0,10.56,872.5986092,94.0,11.0,62.5,2.0,92.0,8.53,92.0,0.1,4991.98289,28276.0,0.7,0.6,0.918,19.0,81.8272,-0.5272018432617216
Micronesia (Federated States Of),2003.0,Developing,67.5,18.0,0.0,3.15,0.0,89.0,0.0,62.8,0.0,88.0,9.69,92.0,0.1,1766.947595,1386542.0,0.2,0.2,0.612,10.4,71.03169,-3.5316925048828125
Democratic People'S Republic Of Korea,2002.0,Developing,67.6,167.0,14.0,3.08,0.0,92.0,0.0,26.2,18.0,99.0,5.755,64.0,0.1,1766.947595,1386542.0,5.9,5.9,0.677,12.3,67.440956,0.15904388427733807
Gabon,2009.0,Developing,61.7,31.0,2.0,8.64,52.31086276,79.0,0.0,33.0,3.0,74.0,3.43,76.0,8.0,763.66223,1586754.0,6.7,6.5,0.652,12.4,60.877506,0.8224937438964872
Kyrgyzstan,2002.0,Developing,66.7,215.0,4.0,3.31,0.0,99.0,2.0,36.5,5.0,99.0,5.43,98.0,0.1,1766.947595,1386542.0,3.5,3.5,0.601,12.1,68.40828,-1.7082794189453097
Colombia,2010.0,Developing,73.6,15.0,12.0,4.28,113.2436346,88.0,0.0,54.2,15.0,88.0,6.76,88.0,0.1,625.65544,4591897.0,2.2,2.0,0.695,12.8,76.11242,-2.5124191284179744
Ireland,2012.0,Developed,85.0,69.0,0.0,11.49,6616.695125,95.0,107.0,6.5,0.0,95.0,8.32,95.0,0.1,49231.36254,4586897.0,0.3,0.2,0.895,18.5,85.48564,-0.4856414794921875
Belarus,2006.0,Developing,68.9,243.0,1.0,12.6,364.426052,98.0,149.0,57.2,1.0,97.0,6.34,99.0,0.1,3848.215966,964924.0,2.2,2.4,0.723,14.6,68.324715,0.5752853393554744
Bulgaria,2012.0,Developed,73.9,139.0,1.0,10.99,851.450672,95.0,1.0,63.9,1.0,95.0,7.11,95.0,0.1,7378.25539,735888.0,1.9,1.9,0.778,14.3,75.198204,-1.298204040527338
Lebanon,2005.0,Developing,73.9,11.0,1.0,1.94,630.0540723,77.0,618.0,6.8,1.0,74.0,8.42,77.0,0.1,5339.441291,3986852.0,4.7,4.6,0.0,13.7,74.45104,-0.5510421752929631
Armenia,2000.0,Developing,72.0,142.0,1.0,2.9,32.75626853,55.0,15.0,47.1,1.0,96.0,6.25,93.0,0.1,622.7427477,369588.0,2.1,2.2,0.639,11.2,72.68767,-0.6876678466796875
Kazakhstan,2005.0,Developing,64.6,294.0,8.0,6.94,351.8603267,94.0,16118.0,46.3,9.0,99.0,4.7,98.0,0.1,3771.278957,1514729.0,2.4,2.5,0.737,13.9,64.21779,0.3822113037109318
Barbados,2005.0,Developing,73.9,117.0,0.0,8.01,1311.440423,92.0,0.0,46.9,0.0,91.0,5.38,92.0,0.1,14223.86576,1386542.0,4.0,4.0,0.761,14.6,74.68499,-0.7849899291992131
China,2007.0,Developing,74.4,96.0,285.0,3.88,312.6624819,92.0,109023.0,25.7,332.0,94.0,4.32,93.0,0.1,2695.366223,1317885.0,4.7,4.1,0.659,11.4,74.97817,-0.5781723022460881
Libya,2004.0,Developing,71.5,141.0,2.0,0.01,31.80653288,99.0,2771.0,55.3,3.0,97.0,3.46,97.0,0.1,586.8364,1386542.0,5.5,5.4,0.747,15.9,71.80756,-0.30756378173828125
Iraq,2013.0,Developing,69.5,17.0,32.0,0.01,447.3695001,66.0,669.0,57.8,39.0,7.0,5.92,68.0,0.1,6925.22446,33883145.0,5.3,5.1,0.659,10.3,76.33873,-6.8387298583984375
Namibia,2002.0,Developing,55.7,452.0,3.0,5.09,203.7322893,92.0,1278.0,25.8,4.0,78.0,6.17,77.0,24.6,1713.47594,1962147.0,14.7,14.8,0.556,11.8,53.320004,2.3799964904785185
Cameroon,2010.0,Developing,55.3,37.0,53.0,6.15,100.8987451,84.0,240.0,26.0,82.0,83.0,5.28,84.0,5.5,1182.869227,1997495.0,6.1,6.2,0.48,9.7,57.196793,-1.8967926025390653
Libya,2015.0,Developing,72.7,138.0,1.0,3.755,0.0,97.0,82.0,64.8,2.0,97.0,5.755,97.0,0.1,1766.947595,1386542.0,5.8,5.5,0.719,13.4,73.9406,-1.2405975341796847
Brazil,2001.0,Developing,71.0,179.0,103.0,7.13,149.4802091,91.0,1.0,44.5,118.0,99.0,7.19,98.0,0.1,3146.95177,1777567.0,3.4,3.4,0.685,14.3,71.30475,-0.30474853515625
Cuba,2002.0,Developing,77.7,19.0,1.0,4.1,334.7672107,98.0,0.0,51.3,1.0,98.0,6.5,99.0,0.1,2994.339988,1386542.0,3.5,3.3,0.692,12.5,75.964836,1.735163879394534
Madagascar,2007.0,Developing,61.9,261.0,35.0,0.71,55.43034455,84.0,0.0,16.7,51.0,83.0,4.98,84.0,0.6,377.8482928,19433523.0,7.9,7.8,0.483,9.1,64.15096,-2.250962829589845
Indonesia,2011.0,Developing,68.3,185.0,134.0,0.08,211.8783404,81.0,21893.0,23.8,161.0,81.0,2.71,81.0,0.3,3634.27685,24577511.0,1.6,1.5,0.662,12.3,69.10074,-0.8007385253906278
Eritrea,2009.0,Developing,61.4,311.0,6.0,0.63,1.575160196,92.0,82.0,15.5,9.0,92.0,3.3,92.0,1.0,43.7544499,431334.0,9.0,8.9,0.402,5.2,61.98598,-0.5859809875488295
Guinea-Bissau,2008.0,Developing,55.6,297.0,5.0,2.64,28.30191127,92.0,12.0,21.9,7.0,77.0,6.5,77.0,6.0,583.5445622,148841.0,8.5,8.4,0.398,8.8,56.27357,-0.6735710144042955
Morocco,2015.0,Developing,74.3,95.0,17.0,3.755,0.0,99.0,17.0,58.5,20.0,99.0,5.755,99.0,0.1,2847.285569,3483322.0,6.4,6.2,0.645,12.1,74.825806,-0.5258056640625028
Italy,2008.0,Developed,81.5,61.0,2.0,7.96,66.37840495,96.0,1617.0,59.9,2.0,96.0,8.89,96.0,0.1,464.18465,58826731.0,0.5,0.5,0.866,16.3,81.94261,-0.4426116943359375
Republic Of Moldova,2000.0,Developing,67.1,235.0,1.0,9.89,0.0,92.0,687.0,46.5,2.0,97.0,6.65,95.0,0.1,1766.947595,1386542.0,3.6,3.7,0.677,12.3,67.59162,-0.49162139892578693
Tuvalu,2013.0,Developing,72.1,144.0,0.0,0.01,78.28120317,9.0,0.0,79.3,0.0,9.0,16.61,9.0,0.1,3542.13589,1819.0,0.2,0.1,0.677,12.3,71.42132,0.6786819458007756
Samoa,2011.0,Developing,73.0,139.0,0.0,2.15,558.7206486,58.0,0.0,72.9,0.0,6.0,5.8,65.0,0.1,3942.9827,187665.0,0.2,0.1,0.693,12.9,72.584885,0.4151153564453125
Ecuador,2014.0,Developing,76.0,121.0,6.0,3.82,79.11626341,83.0,0.0,53.5,7.0,84.0,9.16,83.0,0.1,6432.216537,1593112.0,1.2,1.1,0.737,14.0,76.49054,-0.49053955078125
Guinea-Bissau,2006.0,Developing,54.4,36.0,5.0,3.22,21.53374936,92.0,0.0,2.7,8.0,74.0,5.87,71.0,5.6,418.94454,1412669.0,8.9,8.8,0.388,8.3,54.100163,0.29983749389648295
Albania,2002.0,Developing,73.3,15.0,1.0,3.73,104.5169157,96.0,16.0,46.9,1.0,98.0,6.3,98.0,0.1,1453.642777,3511.0,2.0,2.1,0.67,10.7,72.88407,0.4159286499023409
Qatar,2009.0,Developing,77.0,79.0,0.0,1.11,3688.694288,99.0,112.0,65.6,0.0,98.0,2.63,99.0,0.1,61478.23813,1386542.0,5.0,4.6,0.828,11.8,76.69841,0.3015899658203125
Guyana,2015.0,Developing,66.2,215.0,0.0,3.755,0.0,95.0,0.0,46.7,1.0,92.0,5.755,95.0,0.3,4136.689919,768514.0,5.5,5.3,0.638,10.3,65.59874,0.6012603759765653
El Salvador,2004.0,Developing,70.0,215.0,3.0,2.9,398.6058322,9.0,0.0,48.6,3.0,9.0,7.3,9.0,0.3,2632.79942,6775.0,1.9,1.8,0.636,12.4,69.42745,0.5725479125976562
Kenya,2013.0,Developing,62.6,258.0,58.0,1.84,165.9304977,93.0,190.0,2.7,81.0,94.0,5.57,87.0,3.0,1229.114798,44826849.0,7.9,7.7,0.541,11.1,63.146698,-0.5466979980468736
Guinea-Bissau,2012.0,Developing,57.6,285.0,4.0,0.01,0.948526366,87.0,0.0,24.3,6.0,87.0,5.96,87.0,5.3,67.7518833,1638139.0,7.7,7.5,0.416,9.1,57.449257,0.15074310302734517
Bahrain,2008.0,Developing,75.8,76.0,0.0,2.0,231.5478912,97.0,2.0,58.5,0.0,97.0,3.17,97.0,0.1,2367.56535,1386542.0,6.0,5.9,0.815,14.4,75.64067,0.15932922363280966
Ghana,2008.0,Developing,63.0,275.0,41.0,1.78,161.0106435,93.0,82.0,24.2,61.0,92.0,4.85,93.0,2.2,1224.41554,2329864.0,7.5,7.4,0.53,9.8,62.073093,0.9269065856933594
Bahrain,2003.0,Developing,75.0,85.0,0.0,2.16,1214.558167,98.0,12.0,55.2,0.0,97.0,3.74,97.0,0.1,14221.99259,1386542.0,6.1,5.9,0.798,13.7,75.83152,-0.8315200805664062
Bahamas,2005.0,Developing,74.1,172.0,0.0,10.49,0.0,93.0,0.0,58.1,0.0,93.0,5.95,93.0,0.1,1766.947595,1386542.0,2.6,2.5,0.786,12.4,73.707016,0.3929840087890568
Djibouti,2003.0,Developing,58.0,325.0,2.0,1.02,94.13302875,92.0,37.0,29.4,2.0,68.0,6.22,68.0,4.2,819.974118,758615.0,6.1,5.9,0.378,3.5,58.344456,-0.3444557189941406
Algeria,2004.0,Developing,72.3,14.0,19.0,0.45,220.393699,81.0,3289.0,47.9,23.0,86.0,3.54,86.0,0.1,2598.9823,3283196.0,6.2,6.1,0.673,11.7,72.71632,-0.4163162231445341
Argentina,2008.0,Developing,75.4,126.0,10.0,8.41,1413.73543,9.0,0.0,58.6,11.0,94.0,6.66,93.0,0.1,8953.359275,4382389.0,1.0,0.9,0.792,16.3,75.13775,0.26225128173828693
Saint Lucia,2005.0,Developing,73.1,16.0,0.0,12.32,0.0,95.0,0.0,39.6,0.0,95.0,6.25,95.0,0.2,1766.947595,1386542.0,4.4,4.4,0.689,12.2,74.3877,-1.287702941894537
Egypt,2015.0,Developing,79.0,159.0,51.0,3.755,0.0,93.0,5432.0,61.1,60.0,93.0,5.755,93.0,0.1,1766.947595,1386542.0,2.8,2.8,0.688,13.1,76.22729,2.7727127075195312
Benin,2005.0,Developing,56.5,285.0,25.0,1.13,7.106997355,7.0,210.0,2.5,39.0,73.0,4.73,7.0,2.1,61.799977,7982225.0,8.7,8.6,0.43,8.5,55.81714,0.682861328125
Sri Lanka,2008.0,Developing,72.3,172.0,4.0,2.1,17.81424344,98.0,33.0,18.5,4.0,98.0,3.44,98.0,0.1,254.489192,19817.0,15.4,15.4,0.731,13.3,72.459785,-0.1597854614257841
Thailand,2010.0,Developing,73.9,158.0,10.0,5.95,71.6850913,98.0,2583.0,27.9,12.0,99.0,3.81,99.0,0.2,575.32176,672888.0,8.2,8.3,0.711,13.1,73.82229,0.07771148681641193
Indonesia,2004.0,Developing,65.3,213.0,174.0,0.06,55.36107207,64.0,29171.0,18.2,237.0,79.0,2.37,71.0,0.1,1148.56996,223614649.0,1.9,1.9,0.624,11.0,67.00009,-1.7000915527343778
Côte D'Ivoire,2008.0,Developing,54.0,437.0,60.0,2.69,0.0,74.0,12.0,23.8,85.0,58.0,6.21,74.0,4.1,1766.947595,1386542.0,6.6,6.6,0.677,12.3,50.846638,3.153362274169922
Italy,2014.0,Developed,82.5,57.0,2.0,7.56,4831.644796,95.0,0.0,63.1,2.0,95.0,9.25,95.0,0.1,35396.66517,678914.0,0.6,0.6,0.877,16.3,83.30898,-0.8089828491210938
Greece,2007.0,Developing,79.4,8.0,0.0,9.67,3632.243121,95.0,2.0,61.8,0.0,99.0,9.41,99.0,0.1,28827.32636,1148473.0,0.8,0.7,0.855,16.4,80.16593,-0.7659317016601506
Switzerland,2015.0,Developed,83.4,49.0,0.0,3.755,0.0,92.0,35.0,57.4,0.0,97.0,5.755,97.0,0.1,8989.8424,8282396.0,0.4,0.3,0.938,16.0,81.99257,1.4074310302734432
Papua New Guinea,2007.0,Developing,61.1,295.0,11.0,0.71,85.7175381,61.0,0.0,42.7,14.0,72.0,4.4,71.0,1.4,956.668952,6627922.0,1.4,1.3,0.461,8.6,64.0201,-2.9201034545898423
South Africa,2009.0,Developing,56.5,449.0,46.0,7.6,782.5987144,74.0,5857.0,46.4,70.0,75.0,8.39,76.0,19.0,5888.6284,5255813.11,8.1,9.8,0.622,12.8,54.667213,1.8327865600585938
Azerbaijan,2010.0,Developing,71.1,13.0,5.0,1.98,246.5686008,8.0,0.0,48.0,6.0,85.0,5.33,81.0,0.1,5842.85784,954332.0,2.8,2.9,0.737,11.7,72.65058,-1.550581359863287
Guinea,2009.0,Developing,57.3,297.0,29.0,0.18,24.84763562,57.0,264.0,2.3,46.0,6.0,3.85,57.0,2.3,436.6895539,1556524.0,8.4,8.4,0.376,8.1,58.28568,-0.9856788635253935
Republic Of Moldova,2004.0,Developing,68.0,225.0,1.0,12.27,0.0,99.0,4.0,47.9,1.0,98.0,8.49,98.0,0.1,1766.947595,1386542.0,3.2,3.4,0.677,12.3,69.1061,-1.1061019897460938
Slovakia,2005.0,Developed,74.0,141.0,0.0,10.81,0.0,99.0,0.0,53.1,0.0,99.0,7.4,99.0,0.1,1766.947595,1386542.0,1.4,1.5,0.784,14.0,74.74425,-0.7442474365234375
Nigeria,2011.0,Developing,52.3,375.0,513.0,8.75,187.5733187,46.0,18843.0,22.8,802.0,48.0,3.69,48.0,4.7,2527.9423,16287776.0,11.0,1.9,0.5,9.6,53.573467,-1.2734672546386747
Portugal,2006.0,Developed,78.5,96.0,0.0,13.11,2884.020194,97.0,0.0,54.9,0.0,97.0,9.67,97.0,0.1,19821.44463,1522288.0,0.7,0.5,0.793,15.4,78.65536,-0.15535736083984375
Romania,2010.0,Developed,73.4,153.0,2.0,9.0,983.2518091,98.0,193.0,56.9,2.0,94.0,5.83,94.0,0.1,8297.483621,2246871.0,3.0,3.2,0.797,15.8,74.199684,-0.7996841430664006
Austria,2009.0,Developed,82.0,77.0,0.0,11.3,8053.557638,83.0,49.0,54.7,0.0,83.0,11.19,83.0,0.1,47654.18721,8343323.0,1.7,1.9,0.87,15.3,83.26017,-1.2601699829101562
Lao People'S Democratic Republic,2010.0,Developing,63.6,218.0,10.0,5.95,0.0,74.0,153.0,18.0,13.0,76.0,2.75,74.0,0.3,1766.947595,1386542.0,9.3,9.5,0.535,9.6,63.723015,-0.12301483154296733
India,2006.0,Developing,64.8,28.0,1500.0,1.37,34.85942671,6.0,64185.0,13.9,2000.0,66.0,4.25,65.0,0.3,792.259698,1161977719.0,27.1,28.0,0.536,9.7,63.66339,1.1366088867187472
Italy,2009.0,Developed,81.6,61.0,2.0,7.25,5243.316638,96.0,351.0,6.5,2.0,96.0,9.41,96.0,0.1,36976.84512,5995365.0,0.5,0.5,0.868,16.3,81.15227,0.4477325439453068
Tonga,2003.0,Developing,72.0,153.0,0.0,1.79,45.85105771,85.0,0.0,67.8,0.0,91.0,5.9,9.0,0.1,229.714718,99789.0,0.1,0.1,0.683,13.7,75.05393,-3.0539321899414062
Greece,2012.0,Developing,84.0,76.0,0.0,8.2,2528.992935,98.0,3.0,64.9,0.0,99.0,9.24,99.0,0.1,22242.68193,114511.0,0.8,0.7,0.858,16.8,84.49433,-0.49433135986328125
Jordan,2009.0,Developing,73.3,118.0,4.0,0.59,668.7447334,98.0,0.0,6.9,4.0,98.0,9.54,98.0,0.1,3492.1396,6821116.0,3.8,3.8,0.742,13.6,73.441345,-0.14134521484375284
Chad,2010.0,Developing,51.2,364.0,46.0,0.5,43.57328908,39.0,194.0,17.1,80.0,43.0,2.95,39.0,4.1,896.5697341,1188722.0,9.4,9.3,0.36,6.7,51.82349,-0.6234901428222628
Singapore,2003.0,Developed,79.3,73.0,0.0,1.43,2263.068326,95.0,33.0,29.6,0.0,96.0,3.63,96.0,0.1,23573.6284,1386542.0,2.1,2.0,0.819,12.7,79.26165,0.03834991455077841
Namibia,2004.0,Developing,54.7,483.0,3.0,4.8,368.2848258,92.0,4.0,27.2,4.0,81.0,6.47,81.0,24.0,3288.257373,29228.0,13.7,13.7,0.559,11.7,53.999516,0.7004844665527372
Russian Federation,2010.0,Developing,68.4,256.0,15.0,11.05,162.8088054,97.0,129.0,57.5,17.0,98.0,6.83,97.0,0.2,1674.98771,142849449.0,2.3,2.5,0.773,13.7,68.963745,-0.5637451171874943
Rwanda,2012.0,Developing,64.6,239.0,13.0,0.01,9.774676411,98.0,75.0,19.5,18.0,98.0,7.68,98.0,0.7,678.796973,1788853.0,6.1,6.1,0.475,10.5,63.386887,1.2131134033203068
Equatorial Guinea,2009.0,Developing,55.7,34.0,3.0,7.97,115.0692415,92.0,78.0,21.7,4.0,57.0,5.32,43.0,7.3,1653.2937,99111.0,9.2,9.2,0.59,9.1,58.12615,-2.4261482238769503
Cabo Verde,2003.0,Developing,71.1,144.0,0.0,4.16,209.0865,66.0,0.0,23.2,0.0,93.0,5.0,92.0,0.9,1768.92132,46147.0,8.9,8.9,0.572,11.3,73.76208,-2.6620773315429744
Barbados,2002.0,Developing,73.5,123.0,0.0,7.59,133.099491,66.0,0.0,44.6,0.0,86.0,5.76,87.0,0.8,11675.39395,1386542.0,4.2,4.1,0.749,14.0,73.07613,0.42386627197265625
Nepal,2011.0,Developing,68.4,172.0,22.0,0.27,112.1229028,92.0,2359.0,16.9,27.0,92.0,6.73,92.0,0.2,692.1166842,27327147.0,16.5,16.9,0.529,12.0,70.3185,-1.9184967041015568
Libya,2012.0,Developing,72.9,133.0,2.0,0.01,0.0,98.0,320.0,61.8,2.0,98.0,4.3,98.0,0.1,1766.947595,1386542.0,5.6,5.4,0.706,13.7,71.80164,1.0983566284179744
Maldives,2004.0,Developing,73.4,16.0,0.0,1.6,611.9093566,97.0,37.0,17.3,0.0,96.0,5.89,96.0,0.1,3853.33348,312.0,14.5,14.6,0.617,12.2,71.26796,2.132040405273443
Luxembourg,2014.0,Developed,81.7,65.0,0.0,11.12,16255.16198,94.0,0.0,6.9,0.0,99.0,6.94,99.0,0.1,119172.7418,556319.0,1.0,0.9,0.892,13.9,86.96759,-5.267590332031247
Republic Of Korea,2010.0,Developing,87.0,74.0,2.0,9.23,0.0,94.0,114.0,29.5,2.0,95.0,6.79,94.0,0.1,1766.947595,1386542.0,1.5,1.0,0.677,12.3,83.770905,3.229095458984375
Bahamas,2002.0,Developing,73.1,19.0,0.0,10.85,0.0,89.0,0.0,56.0,0.0,93.0,5.26,94.0,0.1,1766.947595,1386542.0,2.6,2.6,0.781,12.1,73.59594,-0.49593963623047443
Republic Of Moldova,2001.0,Developing,67.6,228.0,1.0,10.98,0.0,94.0,457.0,46.8,1.0,98.0,7.0,97.0,0.1,1766.947595,1386542.0,3.5,3.6,0.677,12.3,68.609856,-1.0098556518554744
Indonesia,2010.0,Developing,68.1,187.0,138.0,0.08,190.5453646,83.0,18869.0,22.9,167.0,82.0,2.74,81.0,0.3,3113.48635,242524123.0,1.6,1.5,0.656,12.1,69.27822,-1.1782211303710994
India,2001.0,Developing,62.9,222.0,1800.0,1.0,19.00340606,92.0,51780.0,11.8,2400.0,58.0,4.5,59.0,0.3,447.138966,171477855.0,27.5,28.5,0.494,8.3,63.181503,-0.2815032958984389
Venezuela (Bolivarian Republic Of),2012.0,Developing,73.7,161.0,9.0,6.7,0.0,81.0,1.0,6.4,10.0,73.0,4.8,81.0,0.1,1766.947595,1386542.0,1.6,1.5,0.767,14.1,73.53186,0.16813964843750284
Thailand,2004.0,Developing,71.6,189.0,14.0,6.17,301.3597791,96.0,4165.0,21.7,16.0,98.0,3.51,98.0,0.5,2659.83918,652231.0,9.0,9.2,0.674,11.9,69.839645,1.7603546142578068
Guatemala,2015.0,Developing,71.9,186.0,10.0,3.755,0.0,74.0,0.0,5.6,12.0,9.0,5.755,74.0,0.4,3923.573344,16252429.0,1.2,1.2,0.637,10.7,70.46238,1.4376205444335994
Lao People'S Democratic Republic,2009.0,Developing,63.1,223.0,10.0,5.18,0.0,67.0,78.0,17.3,14.0,67.0,3.77,67.0,0.2,1766.947595,1386542.0,9.4,9.6,0.525,9.4,63.66272,-0.5627197265624986
Liberia,2007.0,Developing,57.9,286.0,10.0,4.03,3.686899287,92.0,1.0,22.9,14.0,67.0,1.24,65.0,2.8,21.3733292,3512932.0,7.9,7.8,0.383,9.9,58.1899,-0.28989944458007955
Bolivia (Plurinational State Of),2005.0,Developing,65.7,222.0,12.0,2.86,0.0,85.0,0.0,46.0,16.0,84.0,5.67,85.0,0.2,1766.947595,1386542.0,1.3,1.2,0.622,14.4,65.771965,-0.07196502685546591
Azerbaijan,2007.0,Developing,73.0,14.0,6.0,1.02,176.0107106,62.0,0.0,45.9,7.0,81.0,5.1,79.0,0.1,3851.437869,85813.0,2.8,2.9,0.708,11.6,72.469795,0.5302047729492188
Venezuela (Bolivarian Republic Of),2013.0,Developing,73.8,159.0,9.0,6.71,0.0,82.0,0.0,61.0,10.0,82.0,4.94,82.0,0.1,1766.947595,1386542.0,1.6,1.5,0.77,14.2,73.71196,0.08804016113280966
Maldives,2011.0,Developing,77.3,67.0,0.0,1.92,1079.893546,96.0,0.0,23.1,0.0,96.0,8.11,96.0,0.1,6497.55443,377.0,13.9,14.0,0.663,11.8,76.367966,0.9320343017578097
Burundi,2008.0,Developing,55.3,35.0,23.0,4.33,15.99415192,92.0,173.0,15.2,35.0,89.0,7.86,92.0,2.9,196.2472628,8212264.0,7.9,7.9,0.319,7.9,57.737885,-2.437884521484378
Benin,2015.0,Developing,60.0,249.0,25.0,3.755,0.0,82.0,55.0,25.7,39.0,78.0,5.755,82.0,1.0,783.94791,1575952.0,6.9,6.8,0.481,10.7,60.92936,-0.9293594360351562
Belize,2001.0,Developing,68.2,21.0,0.0,4.9,251.6586929,96.0,0.0,41.4,0.0,96.0,4.5,96.0,0.4,3419.275719,254984.0,3.7,3.7,0.677,11.8,68.87967,-0.6796691894531222
Fiji,2002.0,Developing,67.9,22.0,0.0,1.85,206.071686,99.0,304.0,52.2,0.0,94.0,3.48,93.0,0.1,2259.55796,815691.0,4.2,3.9,0.687,13.3,68.32351,-0.42350921630858807
Mozambique,2000.0,Developing,49.0,43.0,93.0,1.14,47.17250718,92.0,7375.0,16.5,136.0,69.0,6.16,7.0,12.2,277.6486591,1867687.0,4.2,4.1,0.291,5.4,49.203175,-0.20317459106445312
Qatar,2003.0,Developing,76.5,85.0,0.0,1.0,4049.972347,93.0,24.0,64.7,0.0,93.0,4.14,92.0,0.1,34176.98183,1386542.0,4.8,4.5,0.815,12.8,75.85304,0.6469573974609375
China,2002.0,Developing,72.7,16.0,422.0,2.91,106.3590358,7.0,58341.0,21.9,511.0,86.0,4.79,86.0,0.1,1148.5857,1284.0,5.5,4.9,0.6,9.7,73.458176,-0.7581756591796847
Philippines,2014.0,Developing,68.4,214.0,54.0,4.52,31.27232188,67.0,58848.0,24.8,68.0,77.0,4.71,67.0,0.1,2842.938353,112249.0,1.0,9.7,0.676,11.7,68.506615,-0.10661468505858807
Zimbabwe,2000.0,Developing,46.0,665.0,24.0,1.68,0.0,79.0,1483.0,25.5,39.0,78.0,7.1,78.0,43.5,547.3588785,12222251.0,11.0,11.2,0.434,9.8,46.83902,-0.839019775390625
Mozambique,2013.0,Developing,55.3,46.0,62.0,1.16,5.813338496,78.0,8.0,21.8,87.0,78.0,5.9,78.0,5.1,65.985681,26434372.0,3.6,3.5,0.405,9.1,55.794537,-0.4945365905761747
United Republic Of Tanzania,2006.0,Developing,53.1,437.0,96.0,4.07,0.0,9.0,2362.0,18.6,145.0,91.0,6.86,9.0,9.4,1766.947595,1386542.0,7.6,7.5,0.677,12.3,57.78066,-4.680658721923827
Guyana,2011.0,Developing,65.6,229.0,0.0,7.56,536.2332523,93.0,0.0,43.2,1.0,93.0,6.8,93.0,0.4,3439.597513,7491.0,5.6,5.3,0.624,10.3,66.04631,-0.4463104248046932
Timor-Leste,2011.0,Developing,67.2,161.0,2.0,0.5,2.726570602,67.0,763.0,15.8,3.0,66.0,0.76,67.0,0.1,114.56179,1131523.0,11.3,11.4,0.607,12.5,68.24473,-1.0447280883789034
The Former Yugoslav Republic Of Macedonia,2015.0,Developing,75.7,12.0,0.0,3.755,0.0,92.0,1.0,6.3,0.0,92.0,5.755,91.0,0.1,1766.947595,1386542.0,2.1,2.1,0.746,12.9,76.16062,-0.4606216430664034
Saudi Arabia,2010.0,Developing,73.7,94.0,8.0,0.09,1197.946328,98.0,334.0,63.9,9.0,98.0,3.49,98.0,0.1,19259.58726,1386542.0,7.3,7.4,0.792,13.3,73.50817,0.1918289184570341
Belize,2014.0,Developing,70.0,177.0,0.0,6.58,670.0920883,95.0,0.0,5.1,0.0,95.0,5.79,95.0,0.2,4852.223666,351694.0,3.4,3.4,0.705,12.8,71.138275,-1.138275146484375
Nicaragua,2012.0,Developing,73.9,157.0,2.0,3.63,334.8174246,98.0,0.0,51.7,3.0,99.0,8.4,98.0,0.1,1792.3845,587718.0,1.8,1.7,0.625,11.5,74.068565,-0.16856536865233807
Austria,2004.0,Developed,79.3,86.0,0.0,12.1,5316.877456,83.0,15.0,52.2,0.0,83.0,1.56,83.0,0.1,36693.4262,8171966.0,1.7,1.9,0.841,14.7,79.193924,0.10607604980468466
Chile,2015.0,Developing,85.0,82.0,2.0,3.755,0.0,97.0,9.0,63.8,2.0,96.0,5.755,96.0,0.1,13653.2264,17762681.0,0.8,0.8,0.845,16.3,82.01714,2.9828567504882812
Fiji,2001.0,Developing,67.8,221.0,0.0,1.93,20.7119129,98.0,17.0,51.2,0.0,92.0,3.28,91.0,0.1,238.891729,814218.0,4.3,4.0,0.683,13.2,68.428764,-0.6287643432617216
Uruguay,2014.0,Developing,76.8,117.0,0.0,6.03,463.6397821,95.0,0.0,63.4,0.0,95.0,8.58,95.0,0.1,16737.89827,3419546.0,1.5,1.4,0.791,15.5,77.108955,-0.3089553833007841
Switzerland,2000.0,Developed,79.7,78.0,0.0,11.26,5834.582046,92.0,0.0,5.8,0.0,95.0,9.91,93.0,0.1,37813.23426,718425.0,0.7,0.5,0.879,15.1,80.915764,-1.215763854980466
Belgium,2001.0,Developed,78.0,1.0,1.0,11.01,2943.375396,6.0,83.0,58.5,1.0,96.0,8.29,95.0,0.1,23121.56635,128657.0,0.8,0.8,0.873,18.2,79.0698,-1.0698013305664062
Equatorial Guinea,2011.0,Developing,56.2,344.0,3.0,10.99,1493.051277,92.0,0.0,22.6,4.0,39.0,3.29,41.0,7.7,21451.88617,99429.0,8.9,8.8,0.58,9.2,56.11754,0.08246154785156534
Germany,2010.0,Developed,81.0,76.0,2.0,11.2,7584.078579,88.0,780.0,59.9,3.0,94.0,11.25,95.0,0.1,41785.55691,8177693.0,1.1,1.1,0.907,16.7,81.57183,-0.5718307495117188
Ethiopia,2008.0,Developing,59.8,289.0,177.0,1.13,38.55783268,52.0,3511.0,14.9,270.0,63.0,4.28,54.0,2.4,325.3825543,83184892.0,11.2,1.9,0.378,7.6,65.58075,-5.780749511718753
Tajikistan,2014.0,Developing,69.6,162.0,10.0,0.01,7.829008596,97.0,0.0,39.9,11.0,94.0,6.88,97.0,0.2,114.45919,8362745.0,3.6,3.7,0.622,11.3,68.16928,1.4307189941406193
Bahamas,2007.0,Developing,74.4,167.0,0.0,10.75,0.0,93.0,0.0,59.4,0.0,95.0,7.8,95.0,0.1,1766.947595,1386542.0,2.5,2.5,0.79,12.5,74.68554,-0.28553924560546307
Chad,2011.0,Developing,51.6,365.0,46.0,0.56,67.76269089,33.0,8650.0,17.5,79.0,4.0,3.17,33.0,3.9,989.2363633,12288651.0,9.2,9.1,0.37,6.7,52.262146,-0.6621459960937486
United Kingdom Of Great Britain And Northern Ireland,2014.0,Developed,81.0,71.0,3.0,10.37,0.0,92.0,133.0,66.0,4.0,95.0,9.12,95.0,0.1,1766.947595,1386542.0,0.8,0.5,0.677,12.3,86.06215,-5.0621490478515625
Iceland,2008.0,Developed,81.4,58.0,0.0,8.49,7613.814999,92.0,0.0,58.1,0.0,98.0,8.8,98.0,0.1,55575.29196,317414.0,0.9,0.9,0.892,18.2,84.03067,-2.6306701660156193
Kenya,2004.0,Developing,53.0,432.0,72.0,1.43,36.29775249,73.0,20.0,15.9,112.0,73.0,4.29,73.0,13.2,458.8843551,3574931.0,8.7,8.6,0.461,8.9,52.612747,0.3872528076171875
Bhutan,2012.0,Developing,68.7,223.0,0.0,0.01,188.7373664,97.0,1.0,21.9,1.0,97.0,3.7,97.0,0.6,2422.816,752967.0,16.1,16.7,0.581,12.3,68.895935,-0.19593505859374716
Latvia,2011.0,Developed,73.6,169.0,0.0,10.14,24.70841046,89.0,1.0,59.4,0.0,92.0,6.1,92.0,0.1,1372.68947,25979.0,2.2,2.3,0.81,15.8,74.051506,-0.45150604248047443
Cabo Verde,2013.0,Developing,72.8,12.0,0.0,0.01,325.6298627,94.0,0.0,29.7,0.0,93.0,4.29,93.0,0.2,3558.796314,5216.0,6.9,6.9,0.643,13.6,72.46026,0.3397415161132784
Côte D'Ivoire,2014.0,Developing,52.8,47.0,58.0,0.01,0.0,76.0,50.0,27.4,80.0,76.0,5.72,76.0,2.0,1766.947595,1386542.0,5.6,5.6,0.677,12.3,53.601616,-0.8016159057617216
Myanmar,2002.0,Developing,62.8,235.0,71.0,0.41,3.421880938,92.0,736.0,14.6,96.0,84.0,2.5,79.0,0.4,143.77651,471422.0,13.3,13.7,0.435,7.6,62.7654,0.03460006713866903
Mauritania,2015.0,Developing,63.1,25.0,8.0,3.755,0.0,73.0,1.0,3.8,12.0,67.0,5.755,73.0,0.9,1158.256469,4182341.0,7.8,7.5,0.513,8.5,62.71568,0.38432083129882955
Gabon,2003.0,Developing,59.7,32.0,2.0,6.47,352.232365,92.0,0.0,29.8,3.0,44.0,3.48,45.0,11.0,4892.11618,1328146.0,7.5,7.4,0.638,12.3,59.32529,0.3747093200683622
Burkina Faso,2007.0,Developing,55.3,293.0,46.0,4.58,73.92730583,89.0,12.0,15.1,83.0,93.0,6.63,89.0,1.7,475.11122,1425221.0,9.8,9.3,0.334,4.9,55.78715,-0.4871513366699247
Japan,2006.0,Developed,82.4,68.0,3.0,7.49,6502.136974,92.0,520.0,24.9,4.0,95.0,8.19,98.0,0.1,35433.98896,127854.0,1.7,1.5,0.873,14.9,82.20552,0.19447937011719318
Suriname,2012.0,Developing,71.3,178.0,0.0,5.73,1168.324095,84.0,0.0,56.3,0.0,84.0,6.9,84.0,0.9,9272.413453,53777.0,3.5,3.4,0.708,12.7,71.3659,-0.06589813232422159
Austria,2008.0,Developed,84.0,76.0,0.0,12.0,8329.731655,83.0,448.0,54.2,0.0,83.0,1.6,83.0,0.1,51386.37665,8321496.0,1.7,1.9,0.864,15.1,83.262344,0.7376556396484375
Uzbekistan,2006.0,Developing,67.6,185.0,23.0,1.96,77.27092119,98.0,823.0,38.1,27.0,94.0,5.49,96.0,0.4,654.2838373,2648825.0,3.2,3.2,0.626,11.8,68.767876,-1.1678756713867244
Viet Nam,2005.0,Developing,74.4,136.0,29.0,2.7,0.0,94.0,410.0,11.3,36.0,94.0,5.38,95.0,0.2,1766.947595,1386542.0,15.3,16.0,0.609,11.1,74.18861,0.21139373779297443
Oman,2013.0,Developing,76.2,12.0,1.0,0.46,1154.893473,98.0,0.0,52.8,1.0,99.0,2.76,98.0,0.1,21268.7564,1386542.0,7.0,6.8,0.796,13.7,75.16297,1.0370285034179716
Brazil,2000.0,Developing,75.0,183.0,111.0,7.26,179.4777293,94.0,36.0,43.7,127.0,99.0,7.3,98.0,0.1,3739.11936,175287587.0,3.4,3.4,0.677,14.1,68.462944,6.537055969238281
Tonga,2006.0,Developing,72.4,148.0,0.0,1.79,503.5881956,89.0,0.0,7.1,0.0,89.0,5.61,88.0,0.1,2892.522663,11689.0,0.1,0.1,0.695,14.6,71.97673,0.4232696533203182
Netherlands,2007.0,Developed,82.0,68.0,1.0,9.53,9689.732784,92.0,10.0,57.3,1.0,97.0,9.36,97.0,0.1,51241.31562,16381696.0,1.0,1.0,0.899,16.6,80.71905,1.2809524536132812
Sao Tome And Principe,2010.0,Developing,66.2,24.0,0.0,5.58,63.04032682,98.0,0.0,26.9,0.0,98.0,5.24,98.0,0.5,1129.754961,174776.0,6.1,6.0,0.542,10.6,66.48244,-0.28243713378905966
Yemen,2002.0,Developing,61.5,25.0,45.0,0.07,0.0,31.0,890.0,32.2,61.0,64.0,4.22,65.0,0.1,1766.947595,1386542.0,14.0,14.0,0.45,8.0,62.17407,-0.6740684509277344
Kyrgyzstan,2007.0,Developing,67.2,229.0,4.0,2.77,0.0,94.0,40.0,39.0,4.0,94.0,6.87,94.0,0.1,1766.947595,1386542.0,3.3,3.4,0.618,12.6,67.553955,-0.35395507812499716
Slovenia,2012.0,Developed,82.0,81.0,0.0,10.95,3283.024864,92.0,2.0,58.2,0.0,96.0,9.37,96.0,0.1,22486.47167,257159.0,1.5,1.5,0.877,16.8,81.66422,0.33577728271484375
Republic Of Korea,2000.0,Developing,76.0,116.0,4.0,10.33,0.0,93.0,32647.0,24.7,4.0,99.0,4.23,97.0,0.1,1766.947595,1386542.0,1.6,1.1,0.677,12.3,76.4097,-0.409698486328125
Qatar,2006.0,Developing,76.6,83.0,0.0,1.28,448.5952989,96.0,144.0,65.0,0.0,95.0,2.58,96.0,0.1,6256.55926,1386542.0,4.9,4.5,0.835,13.7,76.30112,0.2988830566406193
Guatemala,2005.0,Developing,69.2,28.0,14.0,2.35,41.50845637,87.0,0.0,43.8,18.0,87.0,6.79,87.0,0.4,277.83438,139628.0,1.4,1.4,0.567,9.6,69.1435,0.05649871826172159
Malaysia,2003.0,Developing,73.1,138.0,3.0,0.48,264.2496129,95.0,632.0,28.8,4.0,96.0,3.95,96.0,0.1,4463.675893,2468873.0,9.3,9.1,0.724,12.1,73.257095,-0.15709533691406818
Estonia,2007.0,Developing,73.0,189.0,0.0,17.87,1904.12469,95.0,1.0,56.3,0.0,95.0,5.16,95.0,0.1,16586.452,13468.0,2.0,2.1,0.829,16.1,73.552956,-0.5529556274414062
Kyrgyzstan,2003.0,Developing,66.6,217.0,4.0,3.52,0.0,99.0,6.0,37.0,4.0,98.0,5.43,98.0,0.1,1766.947595,1386542.0,3.5,3.5,0.602,12.2,67.01293,-0.41293182373047443
Luxembourg,2006.0,Developed,79.4,85.0,0.0,11.98,15345.4907,95.0,8.0,57.5,0.0,99.0,7.75,99.0,0.1,89739.7117,472637.0,0.9,0.9,0.88,13.5,79.066826,0.33317413330078693
Barbados,2013.0,Developing,75.2,11.0,0.0,8.74,263.0372838,91.0,0.0,53.0,0.0,91.0,7.57,91.0,0.1,15472.7814,1386542.0,3.8,3.8,0.792,15.3,74.29251,0.9074890136718778
Switzerland,2001.0,Developed,82.0,75.0,0.0,11.12,6478.346135,92.0,700.0,51.3,0.0,95.0,1.28,93.0,0.1,38538.64447,7229854.0,0.7,0.5,0.888,15.2,80.64731,1.352691650390625
Egypt,2010.0,Developing,70.0,173.0,54.0,0.22,0.0,97.0,16.0,57.0,64.0,97.0,4.8,97.0,0.1,1766.947595,1386542.0,3.0,2.9,0.665,12.2,71.94427,-1.9442672729492188
Qatar,2002.0,Developing,76.4,85.0,0.0,0.87,188.6782945,98.0,34.0,64.1,0.0,96.0,2.71,96.0,0.1,2999.65492,1386542.0,4.8,4.5,0.807,12.2,75.754524,0.6454757690429744
Romania,2003.0,Developed,71.1,174.0,4.0,8.78,375.1740323,98.0,9.0,52.9,4.0,97.0,5.3,97.0,0.1,2774.95586,21574326.0,3.5,4.0,0.722,12.5,72.643616,-1.5436157226562557
Brazil,2002.0,Developing,71.4,176.0,95.0,7.0,140.9824766,92.0,1.0,45.3,109.0,99.0,7.13,99.0,0.1,2819.649531,1815121.0,3.3,3.3,0.692,14.6,71.84079,-0.4407897949218693
Burkina Faso,2001.0,Developing,56.0,344.0,48.0,4.56,23.1016899,92.0,4174.0,12.5,93.0,62.0,4.85,62.0,3.6,235.4912324,11944587.0,11.2,1.8,0.0,3.5,50.887623,5.112377166748047
Bolivia (Plurinational State Of),2006.0,Developing,66.2,219.0,11.0,3.23,0.0,83.0,0.0,46.7,15.0,82.0,5.19,83.0,0.2,1766.947595,1386542.0,1.3,1.2,0.625,14.3,66.09607,0.10393066406250284
Latvia,2002.0,Developed,73.0,219.0,0.0,7.44,376.4570185,98.0,0.0,56.0,0.0,98.0,6.29,97.0,0.1,4132.34927,231173.0,2.7,2.7,0.746,14.8,70.987274,2.012725830078125
Pakistan,2004.0,Developing,63.7,183.0,364.0,0.01,28.98323119,65.0,4248.0,18.4,461.0,65.0,2.56,65.0,0.1,649.848233,15783.0,21.4,21.8,0.474,5.6,63.61573,0.08426971435547159
Netherlands,2009.0,Developed,86.0,65.0,1.0,9.23,96.8585885,92.0,15.0,58.6,1.0,97.0,1.29,97.0,0.1,519.349,1653388.0,1.0,0.9,0.906,16.9,85.01683,0.9831695556640625
Iran (Islamic Republic Of),2008.0,Developing,72.7,135.0,24.0,0.02,0.0,99.0,127.0,51.4,28.0,99.0,6.28,99.0,0.1,1766.947595,1386542.0,7.6,7.8,0.716,12.1,73.2935,-0.5935028076171847
Djibouti,2013.0,Developing,62.7,256.0,1.0,0.53,229.4410095,82.0,28.0,33.8,2.0,82.0,9.14,82.0,2.1,1622.637974,896688.0,5.6,5.4,0.464,6.3,62.796528,-0.09652786254882528
Honduras,2007.0,Developing,73.0,16.0,5.0,3.16,222.4823338,93.0,0.0,44.3,6.0,94.0,7.89,94.0,0.7,1592.572182,777972.0,2.4,2.3,0.59,10.9,71.7305,1.269500732421875
China,2010.0,Developing,75.0,92.0,231.0,5.75,5.660754839,99.0,38159.0,28.1,268.0,99.0,4.89,99.0,0.1,456.512487,133775.0,4.2,3.6,0.691,12.5,74.21538,0.7846221923828125
Burkina Faso,2008.0,Developing,56.1,288.0,45.0,4.5,107.7988339,93.0,395.0,15.6,80.0,92.0,6.77,93.0,1.5,569.7612784,14689726.0,9.5,9.1,0.345,5.4,58.267643,-2.167642974853514
Spain,2010.0,Developed,81.9,64.0,1.0,9.78,578.7417172,97.0,302.0,63.5,2.0,97.0,9.56,97.0,0.1,3736.228,46576897.0,0.6,0.5,0.86,16.4,82.232895,-0.3328948974609318
Armenia,2003.0,Developing,72.7,134.0,1.0,3.03,7.341493148,93.0,4.0,48.1,1.0,96.0,5.56,94.0,0.1,93.1661567,31786.0,2.0,2.1,0.657,10.8,73.034966,-0.3349655151367159
Slovenia,2000.0,Developed,76.0,122.0,0.0,11.9,161.4473853,92.0,0.0,51.2,0.0,93.0,8.26,91.0,0.1,1227.73677,1988925.0,2.2,2.3,0.818,14.6,75.19382,0.806182861328125
Israel,2008.0,Developing,81.0,65.0,1.0,2.47,471.5533294,99.0,931.0,62.1,1.0,94.0,7.33,94.0,0.1,29657.4421,7388.0,1.1,1.1,0.877,15.8,82.56032,-1.5603179931640625
Grenada,2002.0,Developing,79.0,176.0,0.0,10.71,513.3465408,98.0,0.0,38.8,0.0,98.0,6.67,98.0,0.1,5292.232379,1386542.0,4.1,4.1,0.0,14.4,72.410126,6.589874267578125
Slovenia,2006.0,Developed,78.1,17.0,0.0,12.26,2724.17807,92.0,0.0,54.7,0.0,97.0,8.42,97.0,0.1,19726.1265,26868.0,1.8,1.9,0.858,16.7,78.55154,-0.45153656005859943
China,2011.0,Developing,75.2,91.0,215.0,5.63,91.26749779,99.0,9943.0,29.0,251.0,99.0,5.3,99.0,0.1,5633.79616,134413.0,4.1,3.5,0.7,12.8,74.46476,0.7352401733398466
Bosnia And Herzegovina,2003.0,Developing,75.2,12.0,0.0,4.14,39.86518043,92.0,18.0,49.4,0.0,87.0,7.94,87.0,0.1,2214.732246,3779247.0,3.0,3.0,0.0,12.1,73.67769,1.5223114013671903
Ghana,2011.0,Developing,61.2,263.0,40.0,1.64,225.2219474,91.0,120.0,26.1,58.0,91.0,4.81,91.0,1.3,1574.978653,25121796.0,6.9,6.8,0.554,10.9,63.196346,-1.9963462829589815
Grenada,2004.0,Developing,73.0,187.0,0.0,8.43,100.965873,83.0,0.0,39.9,0.0,84.0,5.24,83.0,0.1,5836.17763,1386542.0,4.0,4.0,0.0,14.8,71.56259,1.437408447265625
Timor-Leste,2015.0,Developing,68.3,152.0,2.0,3.755,0.0,76.0,43.0,17.4,2.0,75.0,5.755,76.0,0.1,1161.76935,124977.0,1.9,11.1,0.603,12.5,70.36168,-2.0616790771484403
Fiji,2013.0,Developing,69.6,192.0,0.0,0.01,460.6487805,99.0,0.0,61.1,0.0,99.0,4.26,99.0,0.1,4763.68956,879715.0,4.0,3.7,0.719,15.0,69.924164,-0.3241638183593807
Burkina Faso,2000.0,Developing,51.0,348.0,48.0,3.71,19.83929597,92.0,6074.0,12.2,92.0,45.0,5.6,45.0,4.0,226.4759814,1167942.0,11.4,11.1,0.0,3.4,50.23562,0.7643814086914062
Comoros,2013.0,Developing,62.9,233.0,1.0,0.01,61.57443584,88.0,0.0,23.2,2.0,85.0,6.51,87.0,0.8,834.341949,7415.0,6.8,6.6,0.49,10.9,62.03711,0.8628906249999986
Liberia,2011.0,Developing,62.0,266.0,9.0,3.72,60.44658161,77.0,279.0,25.0,12.0,77.0,11.23,77.0,1.5,379.689583,47167.0,7.2,7.0,0.406,9.5,61.39245,0.6075515747070312
Congo,2011.0,Developing,62.9,285.0,7.0,3.82,0.0,7.0,315.0,25.0,10.0,69.0,2.79,82.0,3.5,1766.947595,1386542.0,8.0,7.6,0.558,10.7,62.654945,0.24505462646484233
Bangladesh,2008.0,Developing,69.1,147.0,144.0,0.01,42.48865034,96.0,2660.0,14.0,186.0,96.0,2.85,96.0,0.1,615.7775411,14885814.0,19.3,19.9,0.52,8.6,69.8314,-0.7313980102539119
Benin,2004.0,Developing,56.1,285.0,25.0,1.15,10.73628066,75.0,262.0,2.1,39.0,74.0,4.56,72.0,2.1,583.493514,7754.0,8.9,8.8,0.423,8.1,55.15303,0.9469696044921889
Belarus,2008.0,Developing,70.0,224.0,1.0,14.67,501.8056141,98.0,0.0,58.2,1.0,98.0,5.95,97.0,0.1,6376.183153,9527985.0,2.1,2.3,0.755,15.1,69.40218,0.5978164672851562
Japan,2013.0,Developed,83.5,56.0,2.0,7.55,94.43428615,92.0,229.0,28.2,3.0,99.0,1.25,96.0,0.1,4454.44746,127445.0,2.0,1.7,0.894,15.3,83.097374,0.40262603759765625
Estonia,2000.0,Developing,78.0,218.0,0.0,0.01,5.34809451,92.0,9.0,54.0,0.0,93.0,5.28,93.0,0.1,47.32827,1396985.0,2.5,2.5,0.764,14.4,72.33579,5.664207458496094
Armenia,2015.0,Developing,74.8,118.0,1.0,3.755,0.0,94.0,33.0,54.9,1.0,96.0,5.755,94.0,0.1,369.654776,291695.0,2.1,2.2,0.741,12.7,75.15418,-0.3541824340820341
Vanuatu,2000.0,Developing,69.0,18.0,0.0,1.21,21.90075232,7.0,9.0,41.1,0.0,67.0,3.28,71.0,0.1,1469.849149,18563.0,1.7,1.7,0.0,9.6,66.07031,2.9296875
Comoros,2008.0,Developing,61.0,255.0,2.0,0.12,93.36788979,81.0,0.0,2.6,2.0,81.0,5.13,81.0,0.1,795.97519,657229.0,7.2,7.1,0.461,10.2,63.454884,-2.454883575439453
Ghana,2014.0,Developing,62.1,253.0,37.0,0.01,97.67794571,98.0,124.0,28.0,54.0,93.0,3.56,98.0,0.8,1432.227943,26962563.0,6.4,6.3,0.576,11.7,64.418564,-2.318563842773436
Trinidad And Tobago,2005.0,Developing,69.5,189.0,0.0,6.12,1187.949491,95.0,0.0,37.6,0.0,95.0,5.31,95.0,0.5,12323.1275,1296934.0,6.3,6.7,0.745,12.3,71.788246,-2.2882461547851562
United States Of America,2006.0,Developed,77.8,113.0,28.0,8.63,0.0,93.0,55.0,64.4,33.0,93.0,15.27,96.0,0.1,1766.947595,1386542.0,0.7,0.6,0.677,12.3,77.38181,0.4181869506835909
Switzerland,2006.0,Developed,81.5,65.0,0.0,10.24,10598.08187,92.0,0.0,53.7,0.0,94.0,1.39,94.0,0.1,57348.92788,7483934.0,0.6,0.4,0.904,15.2,82.34,-0.839996337890625
Kenya,2007.0,Developing,56.8,356.0,66.0,1.97,59.83361364,81.0,1516.0,17.3,100.0,76.0,4.8,81.0,9.1,839.181117,388599.0,8.4,8.3,0.494,10.1,56.583374,0.21662597656249716
Saint Vincent And The Grenadines,2003.0,Developing,71.0,184.0,0.0,5.1,0.0,31.0,0.0,42.9,0.0,99.0,3.91,99.0,0.4,1766.947595,1386542.0,3.8,3.8,0.682,13.0,73.9322,-2.9321975708007812
Armenia,2007.0,Developing,73.5,132.0,1.0,3.99,44.57219966,85.0,1.0,49.7,1.0,9.0,4.31,88.0,0.1,3138.8873,293356.0,2.0,2.1,0.707,11.7,74.78202,-1.2820205688476562
France,2003.0,Developing,79.3,99.0,3.0,13.49,4572.441963,28.0,0.0,56.4,4.0,96.0,1.43,97.0,0.1,29691.18158,62244884.0,0.6,0.6,0.852,15.4,83.17586,-3.8758575439453153
Viet Nam,2002.0,Developing,73.8,137.0,30.0,2.03,0.0,92.0,6755.0,1.0,39.0,92.0,4.7,75.0,0.2,1766.947595,1386542.0,15.6,16.3,0.584,10.7,72.090225,1.7097747802734347
Japan,2007.0,Developed,82.6,67.0,3.0,7.29,6599.995239,92.0,0.0,25.4,4.0,97.0,8.25,98.0,0.1,35275.22843,1281.0,1.8,1.5,0.877,15.0,82.17241,0.4275909423828068
Grenada,2010.0,Developing,72.6,154.0,0.0,7.91,145.8401998,97.0,0.0,43.9,0.0,94.0,6.41,97.0,0.1,7365.666659,1386542.0,3.8,3.8,0.0,15.8,72.82746,-0.22746124267578693
Belarus,2013.0,Developing,71.7,23.0,0.0,14.66,1109.854619,98.0,16.0,61.1,1.0,98.0,6.7,98.0,0.1,7978.825443,9465997.0,2.0,2.0,0.796,15.7,74.25392,-2.5539215087890597
Sweden,2008.0,Developed,81.1,62.0,0.0,6.9,8105.590882,92.0,25.0,56.5,0.0,98.0,9.23,98.0,0.1,55746.84238,9219637.0,1.3,1.3,0.897,15.7,84.30231,-3.2023071289062557
Slovenia,2009.0,Developed,79.1,9.0,0.0,10.52,3505.389434,92.0,0.0,56.4,0.0,96.0,9.38,96.0,0.1,24633.79785,239669.0,1.7,1.7,0.873,16.9,79.24833,-0.14832916259766193
Portugal,2001.0,Developed,76.9,11.0,1.0,12.22,1657.328352,7.0,0.0,5.9,1.0,96.0,9.1,97.0,0.1,11729.14616,1362722.0,0.8,0.6,0.782,15.7,78.089134,-1.189134216308588
South Africa,2004.0,Developing,53.7,497.0,55.0,6.96,622.043809,76.0,830.0,42.9,83.0,73.0,7.93,74.0,29.7,4863.51688,4717.99,12.6,15.0,0.611,12.9,50.919033,2.7809669494628935
Ghana,2000.0,Developing,57.2,38.0,43.0,1.6,20.65432873,92.0,23068.0,19.5,65.0,88.0,3.0,88.0,3.6,263.1124679,18938762.0,9.2,9.2,0.48,7.7,56.956985,0.24301452636719034
Cambodia,2015.0,Developing,68.7,174.0,10.0,3.755,0.0,89.0,0.0,19.6,12.0,87.0,5.755,89.0,0.2,1163.18977,15517635.0,1.9,1.9,0.558,10.9,70.66931,-1.9693115234374972
The Former Yugoslav Republic Of Macedonia,2012.0,Developing,75.1,15.0,0.0,1.23,0.0,98.0,7.0,58.5,0.0,97.0,6.76,95.0,0.1,1766.947595,1386542.0,2.2,2.2,0.739,12.9,75.55799,-0.45799102783203693
Congo,2013.0,Developing,63.9,274.0,7.0,0.01,0.0,85.0,124.0,26.2,10.0,85.0,5.9,85.0,3.0,1766.947595,1386542.0,7.7,7.4,0.576,11.1,63.587574,0.31242599487304545
Indonesia,2013.0,Developing,68.7,181.0,124.0,0.09,22.8478308,85.0,8419.0,25.6,148.0,86.0,2.93,85.0,0.3,362.663981,25232263.0,1.5,1.3,0.677,12.9,70.31423,-1.614231872558591
Swaziland,2014.0,Developing,58.4,382.0,2.0,0.01,574.3895102,98.0,0.0,31.8,3.0,98.0,9.25,98.0,7.3,3464.35169,129597.0,4.3,4.3,0.541,11.4,58.386395,0.013605499267576704
Liberia,2003.0,Developing,50.0,42.0,13.0,4.21,9.758449266,92.0,142.0,21.1,18.0,49.0,3.44,35.0,3.2,133.494518,3116233.0,8.7,8.7,0.373,10.3,49.70881,0.29119110107421875
Trinidad And Tobago,2010.0,Developing,74.0,179.0,0.0,6.5,1389.772683,9.0,0.0,42.0,0.0,91.0,5.29,9.0,0.4,16683.94578,13281.0,5.9,6.3,0.772,12.5,75.047615,-1.0476150512695312
Barbados,2011.0,Developing,74.9,14.0,0.0,8.51,173.9825629,91.0,0.0,51.4,0.0,91.0,6.67,91.0,0.1,15534.1574,1386542.0,3.8,3.8,0.78,15.5,74.47438,0.4256195068359432
Afghanistan,2003.0,Developing,56.7,295.0,87.0,0.01,11.08905273,65.0,798.0,13.4,122.0,41.0,8.82,41.0,0.1,198.7285436,2364851.0,19.7,19.9,0.373,6.5,56.386566,0.31343383789062784
France,2015.0,Developing,82.4,78.0,2.0,3.755,0.0,86.0,157.0,62.5,3.0,98.0,5.755,98.0,0.1,36526.7711,6662468.0,0.7,0.6,0.894,16.3,82.32988,0.07012023925781818
Burundi,2009.0,Developing,56.2,338.0,23.0,4.05,2.030494673,94.0,305.0,15.7,34.0,96.0,6.96,94.0,2.4,24.944652,848931.0,7.8,7.8,0.336,8.6,56.26925,-0.06924896240234091
Serbia,2014.0,Developing,75.4,123.0,1.0,9.09,8.617208431,92.0,37.0,59.4,1.0,93.0,1.37,93.0,0.1,62.173221,713576.0,2.1,2.1,0.771,14.3,75.022835,0.37716522216797443
Thailand,2002.0,Developing,71.4,192.0,16.0,5.93,27.63810304,95.0,10315.0,2.2,19.0,97.0,3.7,96.0,0.7,296.54617,6473164.0,9.2,9.5,0.657,11.5,71.75397,-0.3539672851562443
Slovakia,2014.0,Developed,76.4,113.0,0.0,10.6,0.0,97.0,0.0,58.4,0.0,97.0,8.5,97.0,0.1,1766.947595,1386542.0,1.2,1.2,0.841,15.1,77.71131,-1.3113113403320256
Indonesia,2006.0,Developing,67.3,191.0,159.0,0.06,72.0159316,66.0,20422.0,19.7,194.0,78.0,2.91,72.0,0.1,1586.254,22983822.0,1.8,1.8,0.632,10.9,67.58635,-0.28634948730469034
Maldives,2009.0,Developing,76.3,75.0,0.0,1.59,100.503021,98.0,6.0,21.2,0.0,98.0,9.22,98.0,0.1,597.1659,36.0,14.1,14.2,0.651,11.8,75.76307,0.5369308471679659
Canada,2002.0,Developing,79.5,79.0,2.0,7.7,3895.856308,92.0,6.0,59.3,2.0,88.0,9.37,88.0,0.1,24167.8431,31362.0,0.5,0.4,0.872,15.8,80.451004,-0.9510040283203125
South Africa,2013.0,Developing,69.0,371.0,43.0,7.34,978.5905287,7.0,25.0,49.5,54.0,73.0,8.78,73.0,4.5,6876.953821,53311955.61,5.4,6.5,0.652,12.8,60.47499,8.525009155273438
Netherlands,2014.0,Developed,81.7,58.0,1.0,0.01,1491.703605,92.0,140.0,61.6,1.0,96.0,1.9,96.0,0.1,52157.4687,168658.0,1.0,0.9,0.923,18.1,83.08346,-1.383457946777341
Switzerland,2014.0,Developed,83.2,51.0,0.0,9.61,19479.91161,92.0,23.0,57.0,0.0,96.0,11.66,96.0,0.1,85814.58857,8188649.0,0.4,0.3,0.936,15.9,81.44156,1.7584411621093778
The Former Yugoslav Republic Of Macedonia,2014.0,Developing,75.5,12.0,0.0,1.13,0.0,97.0,116.0,59.7,0.0,96.0,6.48,95.0,0.1,1766.947595,1386542.0,2.2,2.2,0.743,12.9,76.99476,-1.4947586059570312
Central African Republic,2009.0,Developing,48.6,453.0,17.0,1.56,40.45156933,42.0,11.0,19.8,25.0,45.0,3.58,42.0,7.3,449.961839,44423.0,9.1,9.1,0.345,6.4,49.818024,-1.2180236816406236
The Former Yugoslav Republic Of Macedonia,2013.0,Developing,75.3,14.0,0.0,1.03,0.0,97.0,4.0,59.1,0.0,98.0,6.7,98.0,0.1,1766.947595,1386542.0,2.2,2.2,0.741,12.9,76.01592,-0.7159225463867216
Greece,2004.0,Developing,79.2,81.0,0.0,9.56,287.6124519,92.0,1.0,59.9,1.0,95.0,8.3,95.0,0.1,21955.149,1955141.0,0.8,0.8,0.83,15.3,79.21224,-0.012242126464840908
New Zealand,2013.0,Developed,81.3,69.0,0.0,9.18,10019.0763,93.0,8.0,66.4,0.0,92.0,11.17,92.0,0.1,42889.88141,1386542.0,0.3,0.3,0.908,19.3,82.50571,-1.2057067871093778
Mozambique,2014.0,Developing,56.7,375.0,61.0,0.01,54.91159475,79.0,9.0,22.2,84.0,79.0,6.98,79.0,4.1,623.2871141,27212382.0,3.6,3.5,0.409,9.1,56.23413,0.46586914062500284
Jordan,2000.0,Developing,71.7,133.0,4.0,0.49,227.296617,93.0,32.0,54.0,4.0,94.0,9.65,91.0,0.1,1657.889256,51313.0,4.0,4.0,0.7,12.6,72.14852,-0.4485214233398409
Estonia,2002.0,Developing,71.2,211.0,0.0,11.48,7.806042825,92.0,0.0,54.6,0.0,94.0,4.84,94.0,0.1,538.347781,137935.0,2.3,2.4,0.791,15.4,72.1246,-0.9246032714843722
Yemen,2004.0,Developing,62.2,247.0,42.0,0.06,0.0,43.0,12708.0,33.3,56.0,72.0,4.9,72.0,0.1,1766.947595,1386542.0,13.9,13.9,0.464,8.4,63.026443,-0.8264434814453097
Portugal,2004.0,Developed,78.0,99.0,0.0,13.45,276.0999798,94.0,5.0,53.3,1.0,95.0,9.84,95.0,0.1,1845.5881,1483861.0,0.7,0.6,0.792,15.9,78.41613,-0.41613006591796875
Vanuatu,2011.0,Developing,71.2,141.0,0.0,0.85,457.9731742,63.0,0.0,49.9,0.0,65.0,3.85,65.0,0.1,3275.91684,241871.0,1.5,1.4,0.591,10.8,72.15858,-0.9585769653320284
Brazil,2009.0,Developing,73.6,157.0,57.0,7.33,564.5233902,99.0,0.0,51.1,64.0,99.0,8.65,99.0,0.1,8553.3847,194895996.0,3.0,2.9,0.714,13.8,73.60137,-0.0013717651367244343
Solomon Islands,2010.0,Developing,68.3,188.0,0.0,1.1,29.5207994,9.0,0.0,46.4,0.0,94.0,7.47,9.0,0.1,1272.44825,52779.0,1.2,1.2,0.492,9.3,67.949326,0.35067443847655966
Paraguay,2002.0,Developing,71.5,168.0,4.0,5.66,152.8293973,92.0,0.0,4.6,4.0,87.0,6.77,87.0,0.1,1148.229882,558611.0,2.4,2.3,0.632,12.2,74.10573,-2.6057281494140625
Belize,2012.0,Developing,69.4,189.0,0.0,6.66,582.8027185,98.0,0.0,48.5,0.0,98.0,5.45,98.0,0.1,4673.63848,33671.0,3.5,3.4,0.702,12.5,70.34132,-0.9413162231445256
Somalia,2010.0,Developing,52.4,336.0,52.0,0.01,0.0,92.0,115.0,22.0,83.0,49.0,5.755,45.0,0.8,1766.947595,1386542.0,7.0,6.8,0.677,12.3,51.516945,0.8830551147460923
Slovakia,2004.0,Developed,74.1,138.0,0.0,10.03,0.0,99.0,2.0,52.6,0.0,99.0,7.21,99.0,0.1,1766.947595,1386542.0,1.4,1.5,0.776,13.8,74.71839,-0.6183914184570369
Djibouti,2001.0,Developing,57.7,323.0,2.0,0.95,92.4978948,92.0,79.0,28.6,2.0,49.0,5.37,53.0,4.3,781.2322196,732711.0,6.3,6.1,0.363,2.9,57.372284,0.32771606445312784
United States Of America,2011.0,Developed,78.7,16.0,25.0,8.67,0.0,91.0,220.0,67.5,29.0,94.0,17.6,96.0,0.1,1766.947595,1386542.0,0.7,0.6,0.677,12.3,78.68949,0.010508728027346592
Slovenia,2005.0,Developed,77.5,14.0,0.0,11.14,2503.714258,92.0,0.0,54.1,0.0,95.0,8.5,95.0,0.1,18169.1891,2474.0,1.9,2.0,0.853,16.3,78.656624,-1.1566238403320312
Eritrea,2006.0,Developing,59.7,336.0,7.0,0.97,10.60269773,94.0,128.0,14.3,9.0,94.0,3.3,94.0,1.4,297.828588,466648.0,9.3,9.3,0.405,5.3,60.629627,-0.9296272277832003
Kuwait,2004.0,Developing,73.5,91.0,0.0,0.02,1731.073528,94.0,23.0,65.9,1.0,98.0,2.76,98.0,0.1,26921.8278,1386542.0,3.2,3.0,0.791,14.4,73.48406,0.01593780517578125
Gambia,2015.0,Developing,61.1,262.0,3.0,3.755,0.0,97.0,71.0,27.3,5.0,96.0,5.755,97.0,1.7,1766.947595,1386542.0,7.3,7.2,0.45,8.9,65.55899,-4.458990478515624
Trinidad And Tobago,2006.0,Developing,69.6,188.0,0.0,6.35,103.3710689,89.0,0.0,38.4,0.0,89.0,4.49,92.0,0.6,1495.96337,133144.0,6.2,6.6,0.751,12.3,70.7279,-1.1278976440429744
Serbia,2008.0,Developing,74.0,132.0,1.0,9.54,96.33237912,93.0,2.0,55.8,1.0,95.0,1.5,95.0,0.1,671.773913,735222.0,2.3,2.4,0.749,13.5,73.61903,0.3809661865234375
